Workbook

Sheet COVER
B3: PERHITUNGAN MANUAL ALGORITMA K-MEANS CLUSTERING
B4: Sistem Pemetaan Potensi Wisata Kabupaten Magelang
B6: Objek Penelitian | E6: 15 Destinasi Wisata Kabupaten Magelang
B7: Jumlah Cluster (K) | E7: 3
B8: Kriteria | E8: Daya Tarik, Aksesibilitas, Fasilitas, Sarana, Ulasan
B9: Normalisasi | E9: Min-Max Normalization → Rentang [0, 1]
B10: Inisialisasi Centroid | E10: Uniform Sampling (setiap ke-5 data)
B11: Total Iterasi | E11: 2
B12: SSE Akhir | E12: 3.8759
B13: Status | E13: Konvergen ✔
B16: DAFTAR SHEET DALAM WORKBOOK INI
B17: 1_Data_Asli | E17: Data asli 15 destinasi wisata beserta seluruh kriteria
B18: 2_Normalisasi | E18: Perhitungan Min-Max Normalization untuk setiap kriteria
B19: 3_Centroid_Awal | E19: Nilai centroid awal (Iterasi-1) sebelum clustering dimulai
B20: 4_Iterasi_1 | E20: Matriks jarak Euclidean & penugasan cluster – Iterasi 1
B21: 4_Iterasi_2 | E21: Matriks jarak Euclidean & penugasan cluster – Iterasi 2
B22: 5_Centroid_Akhir | E22: Nilai centroid final setelah konvergen
B23: 6_Hasil_Akhir | E23: Tabel hasil clustering lengkap semua destinasi
B24: 7_SSE | E24: Perhitungan Sum of Squared Error (SSE) per cluster

Sheet 1_Data_Asli
A1: DATA ASLI DESTINASI WISATA KABUPATEN MAGELANG
A2: No | B2: Nama Destinasi | C2: Jenis Wisata | D2: Daya Tarik (1-10) | E2: Aksesibilitas (1-10) | F2: Fasilitas (1-10) | G2: Sarana (1-10) | H2: Ulasan (1-5) | I2: Pengunjung /Tahun | J2: Rating (1-5)
A3: =1 -> 1 | B3: Candi Borobudur | C3: Budaya | D3: 9 | E3: 9 | F3: 8 | G3: 9 | H3: 4.8 | I3: 850000 | J3: 4.8
A4: =2 -> 2 | B4: Candi Mendut | C4: Budaya | D4: 8 | E4: 8 | F4: 7 | G4: 7 | H4: 4.5 | I4: 180000 | J4: 4.5
A5: =3 -> 3 | B5: Candi Pawon | C5: Budaya | D5: 7 | E5: 7 | F5: 6 | G5: 6 | H5: 4.2 | I5: 95000 | J5: 4.2
A6: =4 -> 4 | B6: Ketep Pass | C6: Alam | D6: 9 | E6: 7 | F6: 8 | G6: 7 | H6: 4.6 | I6: 320000 | J6: 4.6
A7: =5 -> 5 | B7: Punthuk Setumbu | C7: Alam | D7: 9 | E7: 6 | F7: 7 | G7: 6 | H7: 4.7 | I7: 210000 | J7: 4.7
A8: =6 -> 6 | B8: Air Terjun Kedung Kayang | C8: Alam | D8: 8 | E8: 5 | F8: 5 | G8: 5 | H8: 4.3 | I8: 75000 | J8: 4.3
A9: =7 -> 7 | B9: Desa Wisata Candirejo | C9: Desa Wisata | D9: 7 | E9: 7 | F9: 6 | G9: 6 | H9: 4.4 | I9: 45000 | J9: 4.4
A10: =8 -> 8 | B10: Desa Wisata Ngargogondo | C10: Desa Wisata | D10: 6 | E10: 6 | F10: 5 | G10: 5 | H10: 4.1 | I10: 32000 | J10: 4.1
A11: =9 -> 9 | B11: Masjid Agung Magelang | C11: Religi | D11: 7 | E11: 9 | F11: 8 | G11: 8 | H11: 4.5 | I11: 280000 | J11: 4.5
A12: =10 -> 10 | B12: Makam Kyai Raden Santri | C12: Religi | D12: 6 | E12: 7 | F12: 5 | G12: 5 | H12: 4 | I12: 120000 | J12: 4
A13: =11 -> 11 | B13: Taman Kyai Langgeng | C13: Taman | D13: 8 | E13: 9 | F13: 8 | G13: 8 | H13: 4.4 | I13: 350000 | J13: 4.4
A14: =12 -> 12 | B14: Kebun Teh Ngluwar | C14: Alam | D14: 7 | E14: 6 | F14: 5 | G14: 5 | H14: 4.2 | I14: 55000 | J14: 4.2
A15: =13 -> 13 | B15: Gunung Merbabu (basecamp) | C15: Alam | D15: 9 | E15: 5 | F15: 5 | G15: 4 | H15: 4.6 | I15: 42000 | J15: 4.6
A16: =14 -> 14 | B16: Sunrise Puthuk Mongkrong | C16: Alam | D16: 8 | E16: 5 | F16: 4 | G16: 4 | H16: 4.5 | I16: 28000 | J16: 4.5
A17: =15 -> 15 | B17: Museum Diponegoro | C17: Budaya | D17: 6 | E17: 8 | F17: 7 | G17: 7 | H17: 4.1 | I17: 85000 | J17: 4.1
B18: STATISTIK | D18: =MIN(D3:D17) -> 6 | E18: =MIN(E3:E17) -> 5 | F18: =MIN(F3:F17) -> 4 | G18: =MIN(G3:G17) -> 4 | H18: =MIN(H3:H17) -> 4 | I18: =SUM(I3:I17) -> 2767000

Sheet 2_Normalisasi
A1: NORMALISASI DATA – MIN-MAX NORMALIZATION
A2: Formula: x' = (x – x_min) / (x_max – x_min) → Mengubah semua nilai ke rentang [0, 1]
A3: No | B3: Nama Destinasi | C3: Daya Tarik (asli) | D3: Aksesibilitas (asli) | E3: Fasilitas (asli) | F3: Sarana (asli) | G3: Ulasan (asli) | H3: Daya Tarik (norm) | I3: Aksesibilitas (norm) | J3: Fasilitas (norm) | K3: Sarana (norm) | L3: Ulasan (norm)
A4: ='1_Data_Asli'!A3 -> 1 | B4: ='1_Data_Asli'!B3 -> Candi Borobudur | C4: ='1_Data_Asli'!D3 -> 9 | D4: ='1_Data_Asli'!E3 -> 9 | E4: ='1_Data_Asli'!F3 -> 8 | F4: ='1_Data_Asli'!G3 -> 9 | G4: ='1_Data_Asli'!H3 -> 4.8 | H4: =(C4-$C$19)/($C$20-$C$19) -> 1 | I4: =(D4-$D$19)/($D$20-$D$19) -> 1 | J4: =(E4-$E$19)/($E$20-$E$19) -> 1 | K4: =(F4-$F$19)/($F$20-$F$19) -> 1 | L4: =(G4-$G$19)/($G$20-$G$19) -> 1
A5: ='1_Data_Asli'!A4 -> 2 | B5: ='1_Data_Asli'!B4 -> Candi Mendut | C5: ='1_Data_Asli'!D4 -> 8 | D5: ='1_Data_Asli'!E4 -> 8 | E5: ='1_Data_Asli'!F4 -> 7 | F5: ='1_Data_Asli'!G4 -> 7 | G5: ='1_Data_Asli'!H4 -> 4.5 | H5: =(C5-$C$19)/($C$20-$C$19) -> 0.66666667 | I5: =(D5-$D$19)/($D$20-$D$19) -> 0.75 | J5: =(E5-$E$19)/($E$20-$E$19) -> 0.75 | K5: =(F5-$F$19)/($F$20-$F$19) -> 0.6 | L5: =(G5-$G$19)/($G$20-$G$19) -> 0.625
A6: ='1_Data_Asli'!A5 -> 3 | B6: ='1_Data_Asli'!B5 -> Candi Pawon | C6: ='1_Data_Asli'!D5 -> 7 | D6: ='1_Data_Asli'!E5 -> 7 | E6: ='1_Data_Asli'!F5 -> 6 | F6: ='1_Data_Asli'!G5 -> 6 | G6: ='1_Data_Asli'!H5 -> 4.2 | H6: =(C6-$C$19)/($C$20-$C$19) -> 0.33333333 | I6: =(D6-$D$19)/($D$20-$D$19) -> 0.5 | J6: =(E6-$E$19)/($E$20-$E$19) -> 0.5 | K6: =(F6-$F$19)/($F$20-$F$19) -> 0.4 | L6: =(G6-$G$19)/($G$20-$G$19) -> 0.25
A7: ='1_Data_Asli'!A6 -> 4 | B7: ='1_Data_Asli'!B6 -> Ketep Pass | C7: ='1_Data_Asli'!D6 -> 9 | D7: ='1_Data_Asli'!E6 -> 7 | E7: ='1_Data_Asli'!F6 -> 8 | F7: ='1_Data_Asli'!G6 -> 7 | G7: ='1_Data_Asli'!H6 -> 4.6 | H7: =(C7-$C$19)/($C$20-$C$19) -> 1 | I7: =(D7-$D$19)/($D$20-$D$19) -> 0.5 | J7: =(E7-$E$19)/($E$20-$E$19) -> 1 | K7: =(F7-$F$19)/($F$20-$F$19) -> 0.6 | L7: =(G7-$G$19)/($G$20-$G$19) -> 0.75
A8: ='1_Data_Asli'!A7 -> 5 | B8: ='1_Data_Asli'!B7 -> Punthuk Setumbu | C8: ='1_Data_Asli'!D7 -> 9 | D8: ='1_Data_Asli'!E7 -> 6 | E8: ='1_Data_Asli'!F7 -> 7 | F8: ='1_Data_Asli'!G7 -> 6 | G8: ='1_Data_Asli'!H7 -> 4.7 | H8: =(C8-$C$19)/($C$20-$C$19) -> 1 | I8: =(D8-$D$19)/($D$20-$D$19) -> 0.25 | J8: =(E8-$E$19)/($E$20-$E$19) -> 0.75 | K8: =(F8-$F$19)/($F$20-$F$19) -> 0.4 | L8: =(G8-$G$19)/($G$20-$G$19) -> 0.875
A9: ='1_Data_Asli'!A8 -> 6 | B9: ='1_Data_Asli'!B8 -> Air Terjun Kedung Kayang | C9: ='1_Data_Asli'!D8 -> 8 | D9: ='1_Data_Asli'!E8 -> 5 | E9: ='1_Data_Asli'!F8 -> 5 | F9: ='1_Data_Asli'!G8 -> 5 | G9: ='1_Data_Asli'!H8 -> 4.3 | H9: =(C9-$C$19)/($C$20-$C$19) -> 0.66666667 | I9: =(D9-$D$19)/($D$20-$D$19) -> 0 | J9: =(E9-$E$19)/($E$20-$E$19) -> 0.25 | K9: =(F9-$F$19)/($F$20-$F$19) -> 0.2 | L9: =(G9-$G$19)/($G$20-$G$19) -> 0.375
A10: ='1_Data_Asli'!A9 -> 7 | B10: ='1_Data_Asli'!B9 -> Desa Wisata Candirejo | C10: ='1_Data_Asli'!D9 -> 7 | D10: ='1_Data_Asli'!E9 -> 7 | E10: ='1_Data_Asli'!F9 -> 6 | F10: ='1_Data_Asli'!G9 -> 6 | G10: ='1_Data_Asli'!H9 -> 4.4 | H10: =(C10-$C$19)/($C$20-$C$19) -> 0.33333333 | I10: =(D10-$D$19)/($D$20-$D$19) -> 0.5 | J10: =(E10-$E$19)/($E$20-$E$19) -> 0.5 | K10: =(F10-$F$19)/($F$20-$F$19) -> 0.4 | L10: =(G10-$G$19)/($G$20-$G$19) -> 0.5
A11: ='1_Data_Asli'!A10 -> 8 | B11: ='1_Data_Asli'!B10 -> Desa Wisata Ngargogondo | C11: ='1_Data_Asli'!D10 -> 6 | D11: ='1_Data_Asli'!E10 -> 6 | E11: ='1_Data_Asli'!F10 -> 5 | F11: ='1_Data_Asli'!G10 -> 5 | G11: ='1_Data_Asli'!H10 -> 4.1 | H11: =(C11-$C$19)/($C$20-$C$19) -> 0 | I11: =(D11-$D$19)/($D$20-$D$19) -> 0.25 | J11: =(E11-$E$19)/($E$20-$E$19) -> 0.25 | K11: =(F11-$F$19)/($F$20-$F$19) -> 0.2 | L11: =(G11-$G$19)/($G$20-$G$19) -> 0.125
A12: ='1_Data_Asli'!A11 -> 9 | B12: ='1_Data_Asli'!B11 -> Masjid Agung Magelang | C12: ='1_Data_Asli'!D11 -> 7 | D12: ='1_Data_Asli'!E11 -> 9 | E12: ='1_Data_Asli'!F11 -> 8 | F12: ='1_Data_Asli'!G11 -> 8 | G12: ='1_Data_Asli'!H11 -> 4.5 | H12: =(C12-$C$19)/($C$20-$C$19) -> 0.33333333 | I12: =(D12-$D$19)/($D$20-$D$19) -> 1 | J12: =(E12-$E$19)/($E$20-$E$19) -> 1 | K12: =(F12-$F$19)/($F$20-$F$19) -> 0.8 | L12: =(G12-$G$19)/($G$20-$G$19) -> 0.625
A13: ='1_Data_Asli'!A12 -> 10 | B13: ='1_Data_Asli'!B12 -> Makam Kyai Raden Santri | C13: ='1_Data_Asli'!D12 -> 6 | D13: ='1_Data_Asli'!E12 -> 7 | E13: ='1_Data_Asli'!F12 -> 5 | F13: ='1_Data_Asli'!G12 -> 5 | G13: ='1_Data_Asli'!H12 -> 4 | H13: =(C13-$C$19)/($C$20-$C$19) -> 0 | I13: =(D13-$D$19)/($D$20-$D$19) -> 0.5 | J13: =(E13-$E$19)/($E$20-$E$19) -> 0.25 | K13: =(F13-$F$19)/($F$20-$F$19) -> 0.2 | L13: =(G13-$G$19)/($G$20-$G$19) -> 0
A14: ='1_Data_Asli'!A13 -> 11 | B14: ='1_Data_Asli'!B13 -> Taman Kyai Langgeng | C14: ='1_Data_Asli'!D13 -> 8 | D14: ='1_Data_Asli'!E13 -> 9 | E14: ='1_Data_Asli'!F13 -> 8 | F14: ='1_Data_Asli'!G13 -> 8 | G14: ='1_Data_Asli'!H13 -> 4.4 | H14: =(C14-$C$19)/($C$20-$C$19) -> 0.66666667 | I14: =(D14-$D$19)/($D$20-$D$19) -> 1 | J14: =(E14-$E$19)/($E$20-$E$19) -> 1 | K14: =(F14-$F$19)/($F$20-$F$19) -> 0.8 | L14: =(G14-$G$19)/($G$20-$G$19) -> 0.5
A15: ='1_Data_Asli'!A14 -> 12 | B15: ='1_Data_Asli'!B14 -> Kebun Teh Ngluwar | C15: ='1_Data_Asli'!D14 -> 7 | D15: ='1_Data_Asli'!E14 -> 6 | E15: ='1_Data_Asli'!F14 -> 5 | F15: ='1_Data_Asli'!G14 -> 5 | G15: ='1_Data_Asli'!H14 -> 4.2 | H15: =(C15-$C$19)/($C$20-$C$19) -> 0.33333333 | I15: =(D15-$D$19)/($D$20-$D$19) -> 0.25 | J15: =(E15-$E$19)/($E$20-$E$19) -> 0.25 | K15: =(F15-$F$19)/($F$20-$F$19) -> 0.2 | L15: =(G15-$G$19)/($G$20-$G$19) -> 0.25
... A18: ='1_Data_Asli'!A17 -> 15 | B18: ='1_Data_Asli'!B17 -> Museum Diponegoro | C18: ='1_Data_Asli'!D17 -> 6 | D18: ='1_Data_Asli'!E17 -> 8 | E18: ='1_Data_Asli'!F17 -> 7 | F18: ='1_Data_Asli'!G17 -> 7 | G18: ='1_Data_Asli'!H17 -> 4.1 | H18: =(C18-$C$19)/($C$20-$C$19) -> 0 | I18: =(D18-$D$19)/($D$20-$D$19) -> 0.75 | J18: =(E18-$E$19)/($E$20-$E$19) -> 0.75 | K18: =(F18-$F$19)/($F$20-$F$19) -> 0.6 | L18: =(G18-$G$19)/($G$20-$G$19) -> 0.125
B19: x_min | C19: =MIN('1_Data_Asli'!D3:D17) -> 6 | D19: =MIN('1_Data_Asli'!E3:E17) -> 5 | E19: =MIN('1_Data_Asli'!F3:F17) -> 4 | F19: =MIN('1_Data_Asli'!G3:G17) -> 4 | G19: =MIN('1_Data_Asli'!H3:H17) -> 4 | H19: =0 -> 0 | I19: =0 -> 0 | J19: =0 -> 0 | K19: =0 -> 0 | L19: =0 -> 0
B20: x_max | C20: =MAX('1_Data_Asli'!D3:D17) -> 9 | D20: =MAX('1_Data_Asli'!E3:E17) -> 9 | E20: =MAX('1_Data_Asli'!F3:F17) -> 8 | F20: =MAX('1_Data_Asli'!G3:G17) -> 9 | G20: =MAX('1_Data_Asli'!H3:H17) -> 4.8 | H20: =1 -> 1 | I20: =1 -> 1 | J20: =1 -> 1 | K20: =1 -> 1 | L20: =1 -> 1

Sheet 3_Centroid_Awal
A1: INISIALISASI CENTROID AWAL (Sebelum Iterasi-1)
A2: Metode: Uniform Sampling — memilih setiap ke-5 data sebagai centroid awal (indeks 0, 5, 10)
A3: Kriteria | B3: C1 (Candi Borobu…) | C3: C2 (Air Terjun K…) | D3: C3 (Taman Kyai L…) | E3: Rumus Normalisasi
A4: Daya Tarik | B4: ='2_Normalisasi'!H4 -> 1 | C4: ='2_Normalisasi'!H9 -> 0.66666667 | D4: ='2_Normalisasi'!H14 -> 0.66666667 | E4: =(9-6)/(9-6) -> 1
A5: Aksesibilitas | B5: ='2_Normalisasi'!I4 -> 1 | C5: ='2_Normalisasi'!I9 -> 0 | D5: ='2_Normalisasi'!I14 -> 1 | E5: =(9-5)/(9-5) -> 1
A6: Fasilitas | B6: ='2_Normalisasi'!J4 -> 1 | C6: ='2_Normalisasi'!J9 -> 0.25 | D6: ='2_Normalisasi'!J14 -> 1 | E6: =(8-4)/(8-4) -> 1
A7: Sarana | B7: ='2_Normalisasi'!K4 -> 1 | C7: ='2_Normalisasi'!K9 -> 0.2 | D7: ='2_Normalisasi'!K14 -> 0.8 | E7: =(9-4)/(9-4) -> 1
A8: Ulasan | B8: ='2_Normalisasi'!L4 -> 1 | C8: ='2_Normalisasi'!L9 -> 0.375 | D8: ='2_Normalisasi'!L14 -> 0.5 | E8: =(4.8-4)/(4.8-4) -> 1
A10: Data sumber C1: baris 1 (Candi Borobudur) | C2: baris 6 (Air Terjun Kedung Kayang) | C3: baris 11 (Taman Kyai Langgeng)

Sheet 4_Iterasi_1
A1: ITERASI 1 — Jarak Euclidean & Penugasan Cluster
A2: d(x, C) = √ [ (x₁–c₁)² + (x₂–c₂)² + (x₃–c₃)² + (x₄–c₄)² + (x₅–c₅)² ] ← Euclidean Distance
A3: ↓ Nilai Centroid Iterasi 1
A4: Centroid | B4: Daya Tarik | C4: Aksesibilitas | D4: Fasilitas | E4: Sarana | F4: Ulasan
A5: C1 (Prioritas Tinggi) | B5: ='3_Centroid_Awal'!B4 -> 1 | C5: ='3_Centroid_Awal'!B5 -> 1 | D5: ='3_Centroid_Awal'!B6 -> 1 | E5: ='3_Centroid_Awal'!B7 -> 1 | F5: ='3_Centroid_Awal'!B8 -> 1
A6: C2 (Prioritas Rendah) | B6: ='3_Centroid_Awal'!C4 -> 0.66666667 | C6: ='3_Centroid_Awal'!C5 -> 0 | D6: ='3_Centroid_Awal'!C6 -> 0.25 | E6: ='3_Centroid_Awal'!C7 -> 0.2 | F6: ='3_Centroid_Awal'!C8 -> 0.375
A7: C3 (Prioritas Sedang) | B7: ='3_Centroid_Awal'!D4 -> 0.66666667 | C7: ='3_Centroid_Awal'!D5 -> 1 | D7: ='3_Centroid_Awal'!D6 -> 1 | E7: ='3_Centroid_Awal'!D7 -> 0.8 | F7: ='3_Centroid_Awal'!D8 -> 0.5
A9: No | B9: Nama Destinasi | C9: d(x,C1) | D9: d(x,C2) | E9: d(x,C3) | F9: Cluster Terpilih | G9: Label | H9: Jarak Min | I9: — Perhitungan —
A10: ='2_Normalisasi'!A4 -> 1 | B10: ='2_Normalisasi'!B4 -> Candi Borobudur | C10: =SQRT(('2_Normalisasi'!H4-B$5)^2+('2_Normalisasi'!I4-C$5)^2+('2_Normalisasi'!J4-D$5)^2+('2_Normalisasi'!K4-E$5)^2+('2_Normalisasi'!L4-F$5)^2) -> 0 | D10: =SQRT(('2_Normalisasi'!H4-B$6)^2+('2_Normalisasi'!I4-C$6)^2+('2_Normalisasi'!J4-D$6)^2+('2_Normalisasi'!K4-E$6)^2+('2_Normalisasi'!L4-F$6)^2) -> 1.6444562 | E10: =SQRT(('2_Normalisasi'!H4-B$7)^2+('2_Normalisasi'!I4-C$7)^2+('2_Normalisasi'!J4-D$7)^2+('2_Normalisasi'!K4-E$7)^2+('2_Normalisasi'!L4-F$7)^2) -> 0.63333333 | F10: =IF(AND(C10<=D10,C10<=E10),"C1",IF(D10<=E10,"C2","C3")) -> C1 | G10: =IF(F10="C1","Prioritas Tinggi",IF(F10="C2","Prioritas Rendah","Prioritas Sedang")) -> Prioritas Tinggi | H10: =MIN(C10,D10,E10) -> 0 | I10: √((1.0-1.0)² + (1.0-1.0)² + (1.0-1.0)² + (1.0-1.0)² + (1.0-1.0)²)
A11: ='2_Normalisasi'!A5 -> 2 | B11: ='2_Normalisasi'!B5 -> Candi Mendut | C11: =SQRT(('2_Normalisasi'!H5-B$5)^2+('2_Normalisasi'!I5-C$5)^2+('2_Normalisasi'!J5-D$5)^2+('2_Normalisasi'!K5-E$5)^2+('2_Normalisasi'!L5-F$5)^2) -> 0.73262276 | D11: =SQRT(('2_Normalisasi'!H5-B$6)^2+('2_Normalisasi'!I5-C$6)^2+('2_Normalisasi'!J5-D$6)^2+('2_Normalisasi'!K5-E$6)^2+('2_Normalisasi'!L5-F$6)^2) -> 1.0173495 | E11: =SQRT(('2_Normalisasi'!H5-B$7)^2+('2_Normalisasi'!I5-C$7)^2+('2_Normalisasi'!J5-D$7)^2+('2_Normalisasi'!K5-E$7)^2+('2_Normalisasi'!L5-F$7)^2) -> 0.425 | F11: =IF(AND(C11<=D11,C11<=E11),"C1",IF(D11<=E11,"C2","C3")) -> C3 | G11: =IF(F11="C1","Prioritas Tinggi",IF(F11="C2","Prioritas Rendah","Prioritas Sedang")) -> Prioritas Sedang | H11: =MIN(C11,D11,E11) -> 0.425 | I11: √((0.6667-1.0)² + (0.75-1.0)² + (0.75-1.0)² + (0.6-1.0)² + (0.625-1.0)²)
A12: ='2_Normalisasi'!A6 -> 3 | B12: ='2_Normalisasi'!B6 -> Candi Pawon | C12: =SQRT(('2_Normalisasi'!H6-B$5)^2+('2_Normalisasi'!I6-C$5)^2+('2_Normalisasi'!J6-D$5)^2+('2_Normalisasi'!K6-E$5)^2+('2_Normalisasi'!L6-F$5)^2) -> 1.3663618 | D12: =SQRT(('2_Normalisasi'!H6-B$6)^2+('2_Normalisasi'!I6-C$6)^2+('2_Normalisasi'!J6-D$6)^2+('2_Normalisasi'!K6-E$6)^2+('2_Normalisasi'!L6-F$6)^2) -> 0.69226881 | E12: =SQRT(('2_Normalisasi'!H6-B$7)^2+('2_Normalisasi'!I6-C$7)^2+('2_Normalisasi'!J6-D$7)^2+('2_Normalisasi'!K6-E$7)^2+('2_Normalisasi'!L6-F$7)^2) -> 0.91302306 | F12: =IF(AND(C12<=D12,C12<=E12),"C1",IF(D12<=E12,"C2","C3")) -> C2 | G12: =IF(F12="C1","Prioritas Tinggi",IF(F12="C2","Prioritas Rendah","Prioritas Sedang")) -> Prioritas Rendah | H12: =MIN(C12,D12,E12) -> 0.69226881 | I12: √((0.3333-1.0)² + (0.5-1.0)² + (0.5-1.0)² + (0.4-1.0)² + (0.25-1.0)²)
A13: ='2_Normalisasi'!A7 -> 4 | B13: ='2_Normalisasi'!B7 -> Ketep Pass | C13: =SQRT(('2_Normalisasi'!H7-B$5)^2+('2_Normalisasi'!I7-C$5)^2+('2_Normalisasi'!J7-D$5)^2+('2_Normalisasi'!K7-E$5)^2+('2_Normalisasi'!L7-F$5)^2) -> 0.68738635 | D13: =SQRT(('2_Normalisasi'!H7-B$6)^2+('2_Normalisasi'!I7-C$6)^2+('2_Normalisasi'!J7-D$6)^2+('2_Normalisasi'!K7-E$6)^2+('2_Normalisasi'!L7-F$6)^2) -> 1.106452 | E13: =SQRT(('2_Normalisasi'!H7-B$7)^2+('2_Normalisasi'!I7-C$7)^2+('2_Normalisasi'!J7-D$7)^2+('2_Normalisasi'!K7-E$7)^2+('2_Normalisasi'!L7-F$7)^2) -> 0.68088994 | F13: =IF(AND(C13<=D13,C13<=E13),"C1",IF(D13<=E13,"C2","C3")) -> C3 | G13: =IF(F13="C1","Prioritas Tinggi",IF(F13="C2","Prioritas Rendah","Prioritas Sedang")) -> Prioritas Sedang | H13: =MIN(C13,D13,E13) -> 0.68088994 | I13: √((1.0-1.0)² + (0.5-1.0)² + (1.0-1.0)² + (0.6-1.0)² + (0.75-1.0)²)
A14: ='2_Normalisasi'!A8 -> 5 | B14: ='2_Normalisasi'!B8 -> Punthuk Setumbu | C14: =SQRT(('2_Normalisasi'!H8-B$5)^2+('2_Normalisasi'!I8-C$5)^2+('2_Normalisasi'!J8-D$5)^2+('2_Normalisasi'!K8-E$5)^2+('2_Normalisasi'!L8-F$5)^2) -> 1.0003125 | D14: =SQRT(('2_Normalisasi'!H8-B$6)^2+('2_Normalisasi'!I8-C$6)^2+('2_Normalisasi'!J8-D$6)^2+('2_Normalisasi'!K8-E$6)^2+('2_Normalisasi'!L8-F$6)^2) -> 0.84475506 | E14: =SQRT(('2_Normalisasi'!H8-B$7)^2+('2_Normalisasi'!I8-C$7)^2+('2_Normalisasi'!J8-D$7)^2+('2_Normalisasi'!K8-E$7)^2+('2_Normalisasi'!L8-F$7)^2) -> 1.0182024 | F14: =IF(AND(C14<=D14,C14<=E14),"C1",IF(D14<=E14,"C2","C3")) -> C2 | G14: =IF(F14="C1","Prioritas Tinggi",IF(F14="C2","Prioritas Rendah","Prioritas Sedang")) -> Prioritas Rendah | H14: =MIN(C14,D14,E14) -> 0.84475506 | I14: √((1.0-1.0)² + (0.25-1.0)² + (0.75-1.0)² + (0.4-1.0)² + (0.875-1.0)²)
A15: ='2_Normalisasi'!A9 -> 6 | B15: ='2_Normalisasi'!B9 -> Air Terjun Kedung Kayang | C15: =SQRT(('2_Normalisasi'!H9-B$5)^2+('2_Normalisasi'!I9-C$5)^2+('2_Normalisasi'!J9-D$5)^2+('2_Normalisasi'!K9-E$5)^2+('2_Normalisasi'!L9-F$5)^2) -> 1.6444562 | D15: =SQRT(('2_Normalisasi'!H9-B$6)^2+('2_Normalisasi'!I9-C$6)^2+('2_Normalisasi'!J9-D$6)^2+('2_Normalisasi'!K9-E$6)^2+('2_Normalisasi'!L9-F$6)^2) -> 0 | E15: =SQRT(('2_Normalisasi'!H9-B$7)^2+('2_Normalisasi'!I9-C$7)^2+('2_Normalisasi'!J9-D$7)^2+('2_Normalisasi'!K9-E$7)^2+('2_Normalisasi'!L9-F$7)^2) -> 1.3921656 | F15: =IF(AND(C15<=D15,C15<=E15),"C1",IF(D15<=E15,"C2","C3")) -> C2 | G15: =IF(F15="C1","Prioritas Tinggi",IF(F15="C2","Prioritas Rendah","Prioritas Sedang")) -> Prioritas Rendah | H15: =MIN(C15,D15,E15) -> 0 | I15: √((0.6667-1.0)² + (0.0-1.0)² + (0.25-1.0)² + (0.2-1.0)² + (0.375-1.0)²)
A16: ='2_Normalisasi'!A10 -> 7 | B16: ='2_Normalisasi'!B10 -> Desa Wisata Candirejo | C16: =SQRT(('2_Normalisasi'!H10-B$5)^2+('2_Normalisasi'!I10-C$5)^2+('2_Normalisasi'!J10-D$5)^2+('2_Normalisasi'!K10-E$5)^2+('2_Normalisasi'!L10-F$5)^2) -> 1.2467736 | D16: =SQRT(('2_Normalisasi'!H10-B$6)^2+('2_Normalisasi'!I10-C$6)^2+('2_Normalisasi'!J10-D$6)^2+('2_Normalisasi'!K10-E$6)^2+('2_Normalisasi'!L10-F$6)^2) -> 0.69226881 | E16: =SQRT(('2_Normalisasi'!H10-B$7)^2+('2_Normalisasi'!I10-C$7)^2+('2_Normalisasi'!J10-D$7)^2+('2_Normalisasi'!K10-E$7)^2+('2_Normalisasi'!L10-F$7)^2) -> 0.87812932 | F16: =IF(AND(C16<=D16,C16<=E16),"C1",IF(D16<=E16,"C2","C3")) -> C2 | G16: =IF(F16="C1","Prioritas Tinggi",IF(F16="C2","Prioritas Rendah","Prioritas Sedang")) -> Prioritas Rendah | H16: =MIN(C16,D16,E16) -> 0.69226881 | I16: √((0.3333-1.0)² + (0.5-1.0)² + (0.5-1.0)² + (0.4-1.0)² + (0.5-1.0)²)
A17: ='2_Normalisasi'!A11 -> 8 | B17: ='2_Normalisasi'!B11 -> Desa Wisata Ngargogondo | C17: =SQRT(('2_Normalisasi'!H11-B$5)^2+('2_Normalisasi'!I11-C$5)^2+('2_Normalisasi'!J11-D$5)^2+('2_Normalisasi'!K11-E$5)^2+('2_Normalisasi'!L11-F$5)^2) -> 1.8789957 | D17: =SQRT(('2_Normalisasi'!H11-B$6)^2+('2_Normalisasi'!I11-C$6)^2+('2_Normalisasi'!J11-D$6)^2+('2_Normalisasi'!K11-E$6)^2+('2_Normalisasi'!L11-F$6)^2) -> 0.75461543 | E17: =SQRT(('2_Normalisasi'!H11-B$7)^2+('2_Normalisasi'!I11-C$7)^2+('2_Normalisasi'!J11-D$7)^2+('2_Normalisasi'!K11-E$7)^2+('2_Normalisasi'!L11-F$7)^2) -> 1.4387736 | F17: =IF(AND(C17<=D17,C17<=E17),"C1",IF(D17<=E17,"C2","C3")) -> C2 | G17: =IF(F17="C1","Prioritas Tinggi",IF(F17="C2","Prioritas Rendah","Prioritas Sedang")) -> Prioritas Rendah | H17: =MIN(C17,D17,E17) -> 0.75461543 | I17: √((0.0-1.0)² + (0.25-1.0)² + (0.25-1.0)² + (0.2-1.0)² + (0.125-1.0)²)
A18: ='2_Normalisasi'!A12 -> 9 | B18: ='2_Normalisasi'!B12 -> Masjid Agung Magelang | C18: =SQRT(('2_Normalisasi'!H12-B$5)^2+('2_Normalisasi'!I12-C$5)^2+('2_Normalisasi'!J12-D$5)^2+('2_Normalisasi'!K12-E$5)^2+('2_Normalisasi'!L12-F$5)^2) -> 0.79061333 | D18: =SQRT(('2_Normalisasi'!H12-B$6)^2+('2_Normalisasi'!I12-C$6)^2+('2_Normalisasi'!J12-D$6)^2+('2_Normalisasi'!K12-E$6)^2+('2_Normalisasi'!L12-F$6)^2) -> 1.4477953 | E18: =SQRT(('2_Normalisasi'!H12-B$7)^2+('2_Normalisasi'!I12-C$7)^2+('2_Normalisasi'!J12-D$7)^2+('2_Normalisasi'!K12-E$7)^2+('2_Normalisasi'!L12-F$7)^2) -> 0.35600016 | F18: =IF(AND(C18<=D18,C18<=E18),"C1",IF(D18<=E18,"C2","C3")) -> C3 | G18: =IF(F18="C1","Prioritas Tinggi",IF(F18="C2","Prioritas Rendah","Prioritas Sedang")) -> Prioritas Sedang | H18: =MIN(C18,D18,E18) -> 0.35600016 | I18: √((0.3333-1.0)² + (1.0-1.0)² + (1.0-1.0)² + (0.8-1.0)² + (0.625-1.0)²)
A19: ='2_Normalisasi'!A13 -> 10 | B19: ='2_Normalisasi'!B13 -> Makam Kyai Raden Santri | C19: =SQRT(('2_Normalisasi'!H13-B$5)^2+('2_Normalisasi'!I13-C$5)^2+('2_Normalisasi'!J13-D$5)^2+('2_Normalisasi'!K13-E$5)^2+('2_Normalisasi'!L13-F$5)^2) -> 1.8580904 | D19: =SQRT(('2_Normalisasi'!H13-B$6)^2+('2_Normalisasi'!I13-C$6)^2+('2_Normalisasi'!J13-D$6)^2+('2_Normalisasi'!K13-E$6)^2+('2_Normalisasi'!L13-F$6)^2) -> 0.91382134 | E19: =SQRT(('2_Normalisasi'!H13-B$7)^2+('2_Normalisasi'!I13-C$7)^2+('2_Normalisasi'!J13-D$7)^2+('2_Normalisasi'!K13-E$7)^2+('2_Normalisasi'!L13-F$7)^2) -> 1.3663618 | F19: =IF(AND(C19<=D19,C19<=E19),"C1",IF(D19<=E19,"C2","C3")) -> C2 | G19: =IF(F19="C1","Prioritas Tinggi",IF(F19="C2","Prioritas Rendah","Prioritas Sedang")) -> Prioritas Rendah | H19: =MIN(C19,D19,E19) -> 0.91382134 | I19: √((0.0-1.0)² + (0.5-1.0)² + (0.25-1.0)² + (0.2-1.0)² + (0.0-1.0)²)
A20: ='2_Normalisasi'!A14 -> 11 | B20: ='2_Normalisasi'!B14 -> Taman Kyai Langgeng | C20: =SQRT(('2_Normalisasi'!H14-B$5)^2+('2_Normalisasi'!I14-C$5)^2+('2_Normalisasi'!J14-D$5)^2+('2_Normalisasi'!K14-E$5)^2+('2_Normalisasi'!L14-F$5)^2) -> 0.63333333 | D20: =SQRT(('2_Normalisasi'!H14-B$6)^2+('2_Normalisasi'!I14-C$6)^2+('2_Normalisasi'!J14-D$6)^2+('2_Normalisasi'!K14-E$6)^2+('2_Normalisasi'!L14-F$6)^2) -> 1.3921656 | E20: =SQRT(('2_Normalisasi'!H14-B$7)^2+('2_Normalisasi'!I14-C$7)^2+('2_Normalisasi'!J14-D$7)^2+('2_Normalisasi'!K14-E$7)^2+('2_Normalisasi'!L14-F$7)^2) -> 0 | F20: =IF(AND(C20<=D20,C20<=E20),"C1",IF(D20<=E20,"C2","C3")) -> C3 | G20: =IF(F20="C1","Prioritas Tinggi",IF(F20="C2","Prioritas Rendah","Prioritas Sedang")) -> Prioritas Sedang | H20: =MIN(C20,D20,E20) -> 0 | I20: √((0.6667-1.0)² + (1.0-1.0)² + (1.0-1.0)² + (0.8-1.0)² + (0.5-1.0)²)
A21: ='2_Normalisasi'!A15 -> 12 | B21: ='2_Normalisasi'!B15 -> Kebun Teh Ngluwar | C21: =SQRT(('2_Normalisasi'!H15-B$5)^2+('2_Normalisasi'!I15-C$5)^2+('2_Normalisasi'!J15-D$5)^2+('2_Normalisasi'!K15-E$5)^2+('2_Normalisasi'!L15-F$5)^2) -> 1.6649157 | D21: =SQRT(('2_Normalisasi'!H15-B$6)^2+('2_Normalisasi'!I15-C$6)^2+('2_Normalisasi'!J15-D$6)^2+('2_Normalisasi'!K15-E$6)^2+('2_Normalisasi'!L15-F$6)^2) -> 0.43501277 | E21: =SQRT(('2_Normalisasi'!H15-B$7)^2+('2_Normalisasi'!I15-C$7)^2+('2_Normalisasi'!J15-D$7)^2+('2_Normalisasi'!K15-E$7)^2+('2_Normalisasi'!L15-F$7)^2) -> 1.2878708 | F21: =IF(AND(C21<=D21,C21<=E21),"C1",IF(D21<=E21,"C2","C3")) -> C2 | G21: =IF(F21="C1","Prioritas Tinggi",IF(F21="C2","Prioritas Rendah","Prioritas Sedang")) -> Prioritas Rendah | H21: =MIN(C21,D21,E21) -> 0.43501277 | I21: √((0.3333-1.0)² + (0.25-1.0)² + (0.25-1.0)² + (0.2-1.0)² + (0.25-1.0)²)
... A24: ='2_Normalisasi'!A18 -> 15 | B24: ='2_Normalisasi'!B18 -> Museum Diponegoro | C24: =SQRT(('2_Normalisasi'!H18-B$5)^2+('2_Normalisasi'!I18-C$5)^2+('2_Normalisasi'!J18-D$5)^2+('2_Normalisasi'!K18-E$5)^2+('2_Normalisasi'!L18-F$5)^2) -> 1.4320003 | D24: =SQRT(('2_Normalisasi'!H18-B$6)^2+('2_Normalisasi'!I18-C$6)^2+('2_Normalisasi'!J18-D$6)^2+('2_Normalisasi'!K18-E$6)^2+('2_Normalisasi'!L18-F$6)^2) -> 1.2163242 | E24: =SQRT(('2_Normalisasi'!H18-B$7)^2+('2_Normalisasi'!I18-C$7)^2+('2_Normalisasi'!J18-D$7)^2+('2_Normalisasi'!K18-E$7)^2+('2_Normalisasi'!L18-F$7)^2) -> 0.8660655 | F24: =IF(AND(C24<=D24,C24<=E24),"C1",IF(D24<=E24,"C2","C3")) -> C3 | G24: =IF(F24="C1","Prioritas Tinggi",IF(F24="C2","Prioritas Rendah","Prioritas Sedang")) -> Prioritas Sedang | H24: =MIN(C24,D24,E24) -> 0.8660655 | I24: √((0.0-1.0)² + (0.75-1.0)² + (0.75-1.0)² + (0.6-1.0)² + (0.125-1.0)²)

Sheet 4_Iterasi_2
A1: ITERASI 2 ✔ KONVERGEN — Jarak Euclidean & Penugasan Cluster
A2: d(x, C) = √ [ (x₁–c₁)² + (x₂–c₂)² + (x₃–c₃)² + (x₄–c₄)² + (x₅–c₅)² ] ← Euclidean Distance
A3: ↓ Nilai Centroid Iterasi 2
A4: Centroid | B4: Daya Tarik | C4: Aksesibilitas | D4: Fasilitas | E4: Sarana | F4: Ulasan
A5: C1 (Prioritas Tinggi) | B5: =AVERAGEIF('4_Iterasi_1'!F10:F24,"C1",'2_Normalisasi'!H4:H18) -> 1 | C5: =AVERAGEIF('4_Iterasi_1'!F10:F24,"C1",'2_Normalisasi'!I4:I18) -> 1 | D5: =AVERAGEIF('4_Iterasi_1'!F10:F24,"C1",'2_Normalisasi'!J4:J18) -> 1 | E5: =AVERAGEIF('4_Iterasi_1'!F10:F24,"C1",'2_Normalisasi'!K4:K18) -> 1 | F5: =AVERAGEIF('4_Iterasi_1'!F10:F24,"C1",'2_Normalisasi'!L4:L18) -> 1
A6: C2 (Prioritas Rendah) | B6: =AVERAGEIF('4_Iterasi_1'!F10:F24,"C2",'2_Normalisasi'!H4:H18) -> 0.48148148 | C6: =AVERAGEIF('4_Iterasi_1'!F10:F24,"C2",'2_Normalisasi'!I4:I18) -> 0.25 | D6: =AVERAGEIF('4_Iterasi_1'!F10:F24,"C2",'2_Normalisasi'!J4:J18) -> 0.33333333 | E6: =AVERAGEIF('4_Iterasi_1'!F10:F24,"C2",'2_Normalisasi'!K4:K18) -> 0.22222222 | F6: =AVERAGEIF('4_Iterasi_1'!F10:F24,"C2",'2_Normalisasi'!L4:L18) -> 0.41666667
A7: C3 (Prioritas Sedang) | B7: =AVERAGEIF('4_Iterasi_1'!F10:F24,"C3",'2_Normalisasi'!H4:H18) -> 0.53333333 | C7: =AVERAGEIF('4_Iterasi_1'!F10:F24,"C3",'2_Normalisasi'!I4:I18) -> 0.8 | D7: =AVERAGEIF('4_Iterasi_1'!F10:F24,"C3",'2_Normalisasi'!J4:J18) -> 0.9 | E7: =AVERAGEIF('4_Iterasi_1'!F10:F24,"C3",'2_Normalisasi'!K4:K18) -> 0.68 | F7: =AVERAGEIF('4_Iterasi_1'!F10:F24,"C3",'2_Normalisasi'!L4:L18) -> 0.525
A9: No | B9: Nama Destinasi | C9: d(x,C1) | D9: d(x,C2) | E9: d(x,C3) | F9: Cluster Terpilih | G9: Label | H9: Jarak Min | I9: — Perhitungan —
A10: ='2_Normalisasi'!A4 -> 1 | B10: ='2_Normalisasi'!B4 -> Candi Borobudur | C10: =SQRT(('2_Normalisasi'!H4-B$5)^2+('2_Normalisasi'!I4-C$5)^2+('2_Normalisasi'!J4-D$5)^2+('2_Normalisasi'!K4-E$5)^2+('2_Normalisasi'!L4-F$5)^2) -> 0 | D10: =SQRT(('2_Normalisasi'!H4-B$6)^2+('2_Normalisasi'!I4-C$6)^2+('2_Normalisasi'!J4-D$6)^2+('2_Normalisasi'!K4-E$6)^2+('2_Normalisasi'!L4-F$6)^2) -> 1.4903093 | E10: =SQRT(('2_Normalisasi'!H4-B$7)^2+('2_Normalisasi'!I4-C$7)^2+('2_Normalisasi'!J4-D$7)^2+('2_Normalisasi'!K4-E$7)^2+('2_Normalisasi'!L4-F$7)^2) -> 0.77188262 | F10: =IF(AND(C10<=D10,C10<=E10),"C1",IF(D10<=E10,"C2","C3")) -> C1 | G10: =IF(F10="C1","Prioritas Tinggi",IF(F10="C2","Prioritas Rendah","Prioritas Sedang")) -> Prioritas Tinggi | H10: =MIN(C10,D10,E10) -> 0 | I10: √((1.0-1.0)² + (1.0-1.0)² + (1.0-1.0)² + (1.0-1.0)² + (1.0-1.0)²)
A11: ='2_Normalisasi'!A5 -> 2 | B11: ='2_Normalisasi'!B5 -> Candi Mendut | C11: =SQRT(('2_Normalisasi'!H5-B$5)^2+('2_Normalisasi'!I5-C$5)^2+('2_Normalisasi'!J5-D$5)^2+('2_Normalisasi'!K5-E$5)^2+('2_Normalisasi'!L5-F$5)^2) -> 0.73262276 | D11: =SQRT(('2_Normalisasi'!H5-B$6)^2+('2_Normalisasi'!I5-C$6)^2+('2_Normalisasi'!J5-D$6)^2+('2_Normalisasi'!K5-E$6)^2+('2_Normalisasi'!L5-F$6)^2) -> 0.80251074 | E11: =SQRT(('2_Normalisasi'!H5-B$7)^2+('2_Normalisasi'!I5-C$7)^2+('2_Normalisasi'!J5-D$7)^2+('2_Normalisasi'!K5-E$7)^2+('2_Normalisasi'!L5-F$7)^2) -> 0.24326483 | F11: =IF(AND(C11<=D11,C11<=E11),"C1",IF(D11<=E11,"C2","C3")) -> C3 | G11: =IF(F11="C1","Prioritas Tinggi",IF(F11="C2","Prioritas Rendah","Prioritas Sedang")) -> Prioritas Sedang | H11: =MIN(C11,D11,E11) -> 0.24326483 | I11: √((0.6667-1.0)² + (0.75-1.0)² + (0.75-1.0)² + (0.6-1.0)² + (0.625-1.0)²)
A12: ='2_Normalisasi'!A6 -> 3 | B12: ='2_Normalisasi'!B6 -> Candi Pawon | C12: =SQRT(('2_Normalisasi'!H6-B$5)^2+('2_Normalisasi'!I6-C$5)^2+('2_Normalisasi'!J6-D$5)^2+('2_Normalisasi'!K6-E$5)^2+('2_Normalisasi'!L6-F$5)^2) -> 1.3663618 | D12: =SQRT(('2_Normalisasi'!H6-B$6)^2+('2_Normalisasi'!I6-C$6)^2+('2_Normalisasi'!J6-D$6)^2+('2_Normalisasi'!K6-E$6)^2+('2_Normalisasi'!L6-F$6)^2) -> 0.4142564 | E12: =SQRT(('2_Normalisasi'!H6-B$7)^2+('2_Normalisasi'!I6-C$7)^2+('2_Normalisasi'!J6-D$7)^2+('2_Normalisasi'!K6-E$7)^2+('2_Normalisasi'!L6-F$7)^2) -> 0.66635201 | F12: =IF(AND(C12<=D12,C12<=E12),"C1",IF(D12<=E12,"C2","C3")) -> C2 | G12: =IF(F12="C1","Prioritas Tinggi",IF(F12="C2","Prioritas Rendah","Prioritas Sedang")) -> Prioritas Rendah | H12: =MIN(C12,D12,E12) -> 0.4142564 | I12: √((0.3333-1.0)² + (0.5-1.0)² + (0.5-1.0)² + (0.4-1.0)² + (0.25-1.0)²)
A13: ='2_Normalisasi'!A7 -> 4 | B13: ='2_Normalisasi'!B7 -> Ketep Pass | C13: =SQRT(('2_Normalisasi'!H7-B$5)^2+('2_Normalisasi'!I7-C$5)^2+('2_Normalisasi'!J7-D$5)^2+('2_Normalisasi'!K7-E$5)^2+('2_Normalisasi'!L7-F$5)^2) -> 0.68738635 | D13: =SQRT(('2_Normalisasi'!H7-B$6)^2+('2_Normalisasi'!I7-C$6)^2+('2_Normalisasi'!J7-D$6)^2+('2_Normalisasi'!K7-E$6)^2+('2_Normalisasi'!L7-F$6)^2) -> 1.0147084 | E13: =SQRT(('2_Normalisasi'!H7-B$7)^2+('2_Normalisasi'!I7-C$7)^2+('2_Normalisasi'!J7-D$7)^2+('2_Normalisasi'!K7-E$7)^2+('2_Normalisasi'!L7-F$7)^2) -> 0.61221138 | F13: =IF(AND(C13<=D13,C13<=E13),"C1",IF(D13<=E13,"C2","C3")) -> C3 | G13: =IF(F13="C1","Prioritas Tinggi",IF(F13="C2","Prioritas Rendah","Prioritas Sedang")) -> Prioritas Sedang | H13: =MIN(C13,D13,E13) -> 0.61221138 | I13: √((1.0-1.0)² + (0.5-1.0)² + (1.0-1.0)² + (0.6-1.0)² + (0.75-1.0)²)
A14: ='2_Normalisasi'!A8 -> 5 | B14: ='2_Normalisasi'!B8 -> Punthuk Setumbu | C14: =SQRT(('2_Normalisasi'!H8-B$5)^2+('2_Normalisasi'!I8-C$5)^2+('2_Normalisasi'!J8-D$5)^2+('2_Normalisasi'!K8-E$5)^2+('2_Normalisasi'!L8-F$5)^2) -> 1.0003125 | D14: =SQRT(('2_Normalisasi'!H8-B$6)^2+('2_Normalisasi'!I8-C$6)^2+('2_Normalisasi'!J8-D$6)^2+('2_Normalisasi'!K8-E$6)^2+('2_Normalisasi'!L8-F$6)^2) -> 0.82713176 | E14: =SQRT(('2_Normalisasi'!H8-B$7)^2+('2_Normalisasi'!I8-C$7)^2+('2_Normalisasi'!J8-D$7)^2+('2_Normalisasi'!K8-E$7)^2+('2_Normalisasi'!L8-F$7)^2) -> 0.86236754 | F14: =IF(AND(C14<=D14,C14<=E14),"C1",IF(D14<=E14,"C2","C3")) -> C2 | G14: =IF(F14="C1","Prioritas Tinggi",IF(F14="C2","Prioritas Rendah","Prioritas Sedang")) -> Prioritas Rendah | H14: =MIN(C14,D14,E14) -> 0.82713176 | I14: √((1.0-1.0)² + (0.25-1.0)² + (0.75-1.0)² + (0.4-1.0)² + (0.875-1.0)²)
A15: ='2_Normalisasi'!A9 -> 6 | B15: ='2_Normalisasi'!B9 -> Air Terjun Kedung Kayang | C15: =SQRT(('2_Normalisasi'!H9-B$5)^2+('2_Normalisasi'!I9-C$5)^2+('2_Normalisasi'!J9-D$5)^2+('2_Normalisasi'!K9-E$5)^2+('2_Normalisasi'!L9-F$5)^2) -> 1.6444562 | D15: =SQRT(('2_Normalisasi'!H9-B$6)^2+('2_Normalisasi'!I9-C$6)^2+('2_Normalisasi'!J9-D$6)^2+('2_Normalisasi'!K9-E$6)^2+('2_Normalisasi'!L9-F$6)^2) -> 0.32552717 | E15: =SQRT(('2_Normalisasi'!H9-B$7)^2+('2_Normalisasi'!I9-C$7)^2+('2_Normalisasi'!J9-D$7)^2+('2_Normalisasi'!K9-E$7)^2+('2_Normalisasi'!L9-F$7)^2) -> 1.1546332 | F15: =IF(AND(C15<=D15,C15<=E15),"C1",IF(D15<=E15,"C2","C3")) -> C2 | G15: =IF(F15="C1","Prioritas Tinggi",IF(F15="C2","Prioritas Rendah","Prioritas Sedang")) -> Prioritas Rendah | H15: =MIN(C15,D15,E15) -> 0.32552717 | I15: √((0.6667-1.0)² + (0.0-1.0)² + (0.25-1.0)² + (0.2-1.0)² + (0.375-1.0)²)
A16: ='2_Normalisasi'!A10 -> 7 | B16: ='2_Normalisasi'!B10 -> Desa Wisata Candirejo | C16: =SQRT(('2_Normalisasi'!H10-B$5)^2+('2_Normalisasi'!I10-C$5)^2+('2_Normalisasi'!J10-D$5)^2+('2_Normalisasi'!K10-E$5)^2+('2_Normalisasi'!L10-F$5)^2) -> 1.2467736 | D16: =SQRT(('2_Normalisasi'!H10-B$6)^2+('2_Normalisasi'!I10-C$6)^2+('2_Normalisasi'!J10-D$6)^2+('2_Normalisasi'!K10-E$6)^2+('2_Normalisasi'!L10-F$6)^2) -> 0.38829761 | E16: =SQRT(('2_Normalisasi'!H10-B$7)^2+('2_Normalisasi'!I10-C$7)^2+('2_Normalisasi'!J10-D$7)^2+('2_Normalisasi'!K10-E$7)^2+('2_Normalisasi'!L10-F$7)^2) -> 0.60747428 | F16: =IF(AND(C16<=D16,C16<=E16),"C1",IF(D16<=E16,"C2","C3")) -> C2 | G16: =IF(F16="C1","Prioritas Tinggi",IF(F16="C2","Prioritas Rendah","Prioritas Sedang")) -> Prioritas Rendah | H16: =MIN(C16,D16,E16) -> 0.38829761 | I16: √((0.3333-1.0)² + (0.5-1.0)² + (0.5-1.0)² + (0.4-1.0)² + (0.5-1.0)²)
A17: ='2_Normalisasi'!A11 -> 8 | B17: ='2_Normalisasi'!B11 -> Desa Wisata Ngargogondo | C17: =SQRT(('2_Normalisasi'!H11-B$5)^2+('2_Normalisasi'!I11-C$5)^2+('2_Normalisasi'!J11-D$5)^2+('2_Normalisasi'!K11-E$5)^2+('2_Normalisasi'!L11-F$5)^2) -> 1.8789957 | D17: =SQRT(('2_Normalisasi'!H11-B$6)^2+('2_Normalisasi'!I11-C$6)^2+('2_Normalisasi'!J11-D$6)^2+('2_Normalisasi'!K11-E$6)^2+('2_Normalisasi'!L11-F$6)^2) -> 0.56950165 | E17: =SQRT(('2_Normalisasi'!H11-B$7)^2+('2_Normalisasi'!I11-C$7)^2+('2_Normalisasi'!J11-D$7)^2+('2_Normalisasi'!K11-E$7)^2+('2_Normalisasi'!L11-F$7)^2) -> 1.1831502 | F17: =IF(AND(C17<=D17,C17<=E17),"C1",IF(D17<=E17,"C2","C3")) -> C2 | G17: =IF(F17="C1","Prioritas Tinggi",IF(F17="C2","Prioritas Rendah","Prioritas Sedang")) -> Prioritas Rendah | H17: =MIN(C17,D17,E17) -> 0.56950165 | I17: √((0.0-1.0)² + (0.25-1.0)² + (0.25-1.0)² + (0.2-1.0)² + (0.125-1.0)²)
A18: ='2_Normalisasi'!A12 -> 9 | B18: ='2_Normalisasi'!B12 -> Masjid Agung Magelang | C18: =SQRT(('2_Normalisasi'!H12-B$5)^2+('2_Normalisasi'!I12-C$5)^2+('2_Normalisasi'!J12-D$5)^2+('2_Normalisasi'!K12-E$5)^2+('2_Normalisasi'!L12-F$5)^2) -> 0.79061333 | D18: =SQRT(('2_Normalisasi'!H12-B$6)^2+('2_Normalisasi'!I12-C$6)^2+('2_Normalisasi'!J12-D$6)^2+('2_Normalisasi'!K12-E$6)^2+('2_Normalisasi'!L12-F$6)^2) -> 1.1858003 | E18: =SQRT(('2_Normalisasi'!H12-B$7)^2+('2_Normalisasi'!I12-C$7)^2+('2_Normalisasi'!J12-D$7)^2+('2_Normalisasi'!K12-E$7)^2+('2_Normalisasi'!L12-F$7)^2) -> 0.33823069 | F18: =IF(AND(C18<=D18,C18<=E18),"C1",IF(D18<=E18,"C2","C3")) -> C3 | G18: =IF(F18="C1","Prioritas Tinggi",IF(F18="C2","Prioritas Rendah","Prioritas Sedang")) -> Prioritas Sedang | H18: =MIN(C18,D18,E18) -> 0.33823069 | I18: √((0.3333-1.0)² + (1.0-1.0)² + (1.0-1.0)² + (0.8-1.0)² + (0.625-1.0)²)
A19: ='2_Normalisasi'!A13 -> 10 | B19: ='2_Normalisasi'!B13 -> Makam Kyai Raden Santri | C19: =SQRT(('2_Normalisasi'!H13-B$5)^2+('2_Normalisasi'!I13-C$5)^2+('2_Normalisasi'!J13-D$5)^2+('2_Normalisasi'!K13-E$5)^2+('2_Normalisasi'!L13-F$5)^2) -> 1.8580904 | D19: =SQRT(('2_Normalisasi'!H13-B$6)^2+('2_Normalisasi'!I13-C$6)^2+('2_Normalisasi'!J13-D$6)^2+('2_Normalisasi'!K13-E$6)^2+('2_Normalisasi'!L13-F$6)^2) -> 0.68947357 | E19: =SQRT(('2_Normalisasi'!H13-B$7)^2+('2_Normalisasi'!I13-C$7)^2+('2_Normalisasi'!J13-D$7)^2+('2_Normalisasi'!K13-E$7)^2+('2_Normalisasi'!L13-F$7)^2) -> 1.1414769 | F19: =IF(AND(C19<=D19,C19<=E19),"C1",IF(D19<=E19,"C2","C3")) -> C2 | G19: =IF(F19="C1","Prioritas Tinggi",IF(F19="C2","Prioritas Rendah","Prioritas Sedang")) -> Prioritas Rendah | H19: =MIN(C19,D19,E19) -> 0.68947357 | I19: √((0.0-1.0)² + (0.5-1.0)² + (0.25-1.0)² + (0.2-1.0)² + (0.0-1.0)²)
A20: ='2_Normalisasi'!A14 -> 11 | B20: ='2_Normalisasi'!B14 -> Taman Kyai Langgeng | C20: =SQRT(('2_Normalisasi'!H14-B$5)^2+('2_Normalisasi'!I14-C$5)^2+('2_Normalisasi'!J14-D$5)^2+('2_Normalisasi'!K14-E$5)^2+('2_Normalisasi'!L14-F$5)^2) -> 0.63333333 | D20: =SQRT(('2_Normalisasi'!H14-B$6)^2+('2_Normalisasi'!I14-C$6)^2+('2_Normalisasi'!J14-D$6)^2+('2_Normalisasi'!K14-E$6)^2+('2_Normalisasi'!L14-F$6)^2) -> 1.175589 | E20: =SQRT(('2_Normalisasi'!H14-B$7)^2+('2_Normalisasi'!I14-C$7)^2+('2_Normalisasi'!J14-D$7)^2+('2_Normalisasi'!K14-E$7)^2+('2_Normalisasi'!L14-F$7)^2) -> 0.28775472 | F20: =IF(AND(C20<=D20,C20<=E20),"C1",IF(D20<=E20,"C2","C3")) -> C3 | G20: =IF(F20="C1","Prioritas Tinggi",IF(F20="C2","Prioritas Rendah","Prioritas Sedang")) -> Prioritas Sedang | H20: =MIN(C20,D20,E20) -> 0.28775472 | I20: √((0.6667-1.0)² + (1.0-1.0)² + (1.0-1.0)² + (0.8-1.0)² + (0.5-1.0)²)
A21: ='2_Normalisasi'!A15 -> 12 | B21: ='2_Normalisasi'!B15 -> Kebun Teh Ngluwar | C21: =SQRT(('2_Normalisasi'!H15-B$5)^2+('2_Normalisasi'!I15-C$5)^2+('2_Normalisasi'!J15-D$5)^2+('2_Normalisasi'!K15-E$5)^2+('2_Normalisasi'!L15-F$5)^2) -> 1.6649157 | D21: =SQRT(('2_Normalisasi'!H15-B$6)^2+('2_Normalisasi'!I15-C$6)^2+('2_Normalisasi'!J15-D$6)^2+('2_Normalisasi'!K15-E$6)^2+('2_Normalisasi'!L15-F$6)^2) -> 0.23908978 | E21: =SQRT(('2_Normalisasi'!H15-B$7)^2+('2_Normalisasi'!I15-C$7)^2+('2_Normalisasi'!J15-D$7)^2+('2_Normalisasi'!K15-E$7)^2+('2_Normalisasi'!L15-F$7)^2) -> 1.0349034 | F21: =IF(AND(C21<=D21,C21<=E21),"C1",IF(D21<=E21,"C2","C3")) -> C2 | G21: =IF(F21="C1","Prioritas Tinggi",IF(F21="C2","Prioritas Rendah","Prioritas Sedang")) -> Prioritas Rendah | H21: =MIN(C21,D21,E21) -> 0.23908978 | I21: √((0.3333-1.0)² + (0.25-1.0)² + (0.25-1.0)² + (0.2-1.0)² + (0.25-1.0)²)
... A24: ='2_Normalisasi'!A18 -> 15 | B24: ='2_Normalisasi'!B18 -> Museum Diponegoro | C24: =SQRT(('2_Normalisasi'!H18-B$5)^2+('2_Normalisasi'!I18-C$5)^2+('2_Normalisasi'!J18-D$5)^2+('2_Normalisasi'!K18-E$5)^2+('2_Normalisasi'!L18-F$5)^2) -> 1.4320003 | D24: =SQRT(('2_Normalisasi'!H18-B$6)^2+('2_Normalisasi'!I18-C$6)^2+('2_Normalisasi'!J18-D$6)^2+('2_Normalisasi'!K18-E$6)^2+('2_Normalisasi'!L18-F$6)^2) -> 0.93979839 | E24: =SQRT(('2_Normalisasi'!H18-B$7)^2+('2_Normalisasi'!I18-C$7)^2+('2_Normalisasi'!J18-D$7)^2+('2_Normalisasi'!K18-E$7)^2+('2_Normalisasi'!L18-F$7)^2) -> 0.68981479 | F24: =IF(AND(C24<=D24,C24<=E24),"C1",IF(D24<=E24,"C2","C3")) -> C3 | G24: =IF(F24="C1","Prioritas Tinggi",IF(F24="C2","Prioritas Rendah","Prioritas Sedang")) -> Prioritas Sedang | H24: =MIN(C24,D24,E24) -> 0.68981479 | I24: √((0.0-1.0)² + (0.75-1.0)² + (0.75-1.0)² + (0.6-1.0)² + (0.125-1.0)²)
A26: ✅ Iterasi ini identik dengan iterasi sebelumnya → Centroid tidak berubah → KONVERGEN

Sheet 5_Centroid_Akhir
A1: CENTROID AKHIR SETELAH KONVERGEN (Iterasi ke-2)
A2: Kriteria | B2: C1 Prioritas Tinggi | C2: C2 Prioritas Rendah | D2: C3 Prioritas Sedang | E2: Anggota Cluster | F2: Perubahan dari Iterasi Sebelumnya
A3: Daya Tarik | B3: =AVERAGEIF('4_Iterasi_2'!F10:F24,"C1",'2_Normalisasi'!H4:H18) -> 1 | C3: =AVERAGEIF('4_Iterasi_2'!F10:F24,"C2",'2_Normalisasi'!H4:H18) -> 0.48148148 | D3: =AVERAGEIF('4_Iterasi_2'!F10:F24,"C3",'2_Normalisasi'!H4:H18) -> 0.53333333
A4: Aksesibilitas | B4: =AVERAGEIF('4_Iterasi_2'!F10:F24,"C1",'2_Normalisasi'!I4:I18) -> 1 | C4: =AVERAGEIF('4_Iterasi_2'!F10:F24,"C2",'2_Normalisasi'!I4:I18) -> 0.25 | D4: =AVERAGEIF('4_Iterasi_2'!F10:F24,"C3",'2_Normalisasi'!I4:I18) -> 0.8
A5: Fasilitas | B5: =AVERAGEIF('4_Iterasi_2'!F10:F24,"C1",'2_Normalisasi'!J4:J18) -> 1 | C5: =AVERAGEIF('4_Iterasi_2'!F10:F24,"C2",'2_Normalisasi'!J4:J18) -> 0.33333333 | D5: =AVERAGEIF('4_Iterasi_2'!F10:F24,"C3",'2_Normalisasi'!J4:J18) -> 0.9
A6: Sarana | B6: =AVERAGEIF('4_Iterasi_2'!F10:F24,"C1",'2_Normalisasi'!K4:K18) -> 1 | C6: =AVERAGEIF('4_Iterasi_2'!F10:F24,"C2",'2_Normalisasi'!K4:K18) -> 0.22222222 | D6: =AVERAGEIF('4_Iterasi_2'!F10:F24,"C3",'2_Normalisasi'!K4:K18) -> 0.68
A7: Ulasan | B7: =AVERAGEIF('4_Iterasi_2'!F10:F24,"C1",'2_Normalisasi'!L4:L18) -> 1 | C7: =AVERAGEIF('4_Iterasi_2'!F10:F24,"C2",'2_Normalisasi'!L4:L18) -> 0.41666667 | D7: =AVERAGEIF('4_Iterasi_2'!F10:F24,"C3",'2_Normalisasi'!L4:L18) -> 0.525
A9: Jumlah Anggota C1 | B9: =COUNTIF('4_Iterasi_2'!F10:F24,"C1")&" destinasi" -> 1 destinasi | E9: Prioritas Tinggi | F9: =TEXT(ABS(B3-'4_Iterasi_1'!B5),"0.0000")&" (Konvergen ✔)" -> 00.000 (Konvergen ✔)
A10: Jumlah Anggota C2 | C10: =COUNTIF('4_Iterasi_2'!F10:F24,"C2")&" destinasi" -> 9 destinasi | E10: Prioritas Rendah | F10: =TEXT(ABS(C3-'4_Iterasi_1'!B6),"0.0000")&" (Konvergen ✔)" -> 00.000 (Konvergen ✔)
A11: Jumlah Anggota C3 | D11: =COUNTIF('4_Iterasi_2'!F10:F24,"C3")&" destinasi" -> 5 destinasi | E11: Prioritas Sedang | F11: =TEXT(ABS(D3-'4_Iterasi_1'!B7),"0.0000")&" (Konvergen ✔)" -> 00.000 (Konvergen ✔)

Sheet 6_Hasil_Akhir
A1: HASIL AKHIR K-MEANS CLUSTERING — SELURUH DESTINASI WISATA
A2: No | B2: Nama Destinasi | C2: Jenis | D2: Daya Tarik | E2: Aksesi bilitas | F2: Fasilitas | G2: Sarana | H2: Ulasan | I2: Pengunjung /Thn | J2: Rating | K2: Cluster | L2: Label Prioritas
A3: ='1_Data_Asli'!A3 -> 1 | B3: ='1_Data_Asli'!B3 -> Candi Borobudur | C3: ='1_Data_Asli'!C3 -> Budaya | D3: ='1_Data_Asli'!D3 -> 9 | E3: ='1_Data_Asli'!E3 -> 9 | F3: ='1_Data_Asli'!F3 -> 8 | G3: ='1_Data_Asli'!G3 -> 9 | H3: ='1_Data_Asli'!H3 -> 4.8 | ... J3: ='1_Data_Asli'!J3 -> 4.8 | K3: ='4_Iterasi_2'!F10 -> C1 | L3: ='4_Iterasi_2'!G10 -> Prioritas Tinggi
A4: ='1_Data_Asli'!A4 -> 2 | B4: ='1_Data_Asli'!B4 -> Candi Mendut | C4: ='1_Data_Asli'!C4 -> Budaya | D4: ='1_Data_Asli'!D4 -> 8 | E4: ='1_Data_Asli'!E4 -> 8 | F4: ='1_Data_Asli'!F4 -> 7 | G4: ='1_Data_Asli'!G4 -> 7 | H4: ='1_Data_Asli'!H4 -> 4.5 | ... J4: ='1_Data_Asli'!J4 -> 4.5 | K4: ='4_Iterasi_2'!F11 -> C3 | L4: ='4_Iterasi_2'!G11 -> Prioritas Sedang
A5: ='1_Data_Asli'!A5 -> 3 | B5: ='1_Data_Asli'!B5 -> Candi Pawon | C5: ='1_Data_Asli'!C5 -> Budaya | D5: ='1_Data_Asli'!D5 -> 7 | E5: ='1_Data_Asli'!E5 -> 7 | F5: ='1_Data_Asli'!F5 -> 6 | G5: ='1_Data_Asli'!G5 -> 6 | H5: ='1_Data_Asli'!H5 -> 4.2 | ... J5: ='1_Data_Asli'!J5 -> 4.2 | K5: ='4_Iterasi_2'!F12 -> C2 | L5: ='4_Iterasi_2'!G12 -> Prioritas Rendah
A6: ='1_Data_Asli'!A6 -> 4 | B6: ='1_Data_Asli'!B6 -> Ketep Pass | C6: ='1_Data_Asli'!C6 -> Alam | D6: ='1_Data_Asli'!D6 -> 9 | E6: ='1_Data_Asli'!E6 -> 7 | F6: ='1_Data_Asli'!F6 -> 8 | G6: ='1_Data_Asli'!G6 -> 7 | H6: ='1_Data_Asli'!H6 -> 4.6 | ... J6: ='1_Data_Asli'!J6 -> 4.6 | K6: ='4_Iterasi_2'!F13 -> C3 | L6: ='4_Iterasi_2'!G13 -> Prioritas Sedang
A7: ='1_Data_Asli'!A7 -> 5 | B7: ='1_Data_Asli'!B7 -> Punthuk Setumbu | C7: ='1_Data_Asli'!C7 -> Alam | D7: ='1_Data_Asli'!D7 -> 9 | E7: ='1_Data_Asli'!E7 -> 6 | F7: ='1_Data_Asli'!F7 -> 7 | G7: ='1_Data_Asli'!G7 -> 6 | H7: ='1_Data_Asli'!H7 -> 4.7 | ... J7: ='1_Data_Asli'!J7 -> 4.7 | K7: ='4_Iterasi_2'!F14 -> C2 | L7: ='4_Iterasi_2'!G14 -> Prioritas Rendah
A8: ='1_Data_Asli'!A8 -> 6 | B8: ='1_Data_Asli'!B8 -> Air Terjun Kedung Kayang | C8: ='1_Data_Asli'!C8 -> Alam | D8: ='1_Data_Asli'!D8 -> 8 | E8: ='1_Data_Asli'!E8 -> 5 | F8: ='1_Data_Asli'!F8 -> 5 | G8: ='1_Data_Asli'!G8 -> 5 | H8: ='1_Data_Asli'!H8 -> 4.3 | ... J8: ='1_Data_Asli'!J8 -> 4.3 | K8: ='4_Iterasi_2'!F15 -> C2 | L8: ='4_Iterasi_2'!G15 -> Prioritas Rendah
A9: ='1_Data_Asli'!A9 -> 7 | B9: ='1_Data_Asli'!B9 -> Desa Wisata Candirejo | C9: ='1_Data_Asli'!C9 -> Desa Wisata | D9: ='1_Data_Asli'!D9 -> 7 | E9: ='1_Data_Asli'!E9 -> 7 | F9: ='1_Data_Asli'!F9 -> 6 | G9: ='1_Data_Asli'!G9 -> 6 | H9: ='1_Data_Asli'!H9 -> 4.4 | ... J9: ='1_Data_Asli'!J9 -> 4.4 | K9: ='4_Iterasi_2'!F16 -> C2 | L9: ='4_Iterasi_2'!G16 -> Prioritas Rendah
A10: ='1_Data_Asli'!A10 -> 8 | B10: ='1_Data_Asli'!B10 -> Desa Wisata Ngargogondo | C10: ='1_Data_Asli'!C10 -> Desa Wisata | D10: ='1_Data_Asli'!D10 -> 6 | E10: ='1_Data_Asli'!E10 -> 6 | F10: ='1_Data_Asli'!F10 -> 5 | G10: ='1_Data_Asli'!G10 -> 5 | H10: ='1_Data_Asli'!H10 -> 4.1 | ... J10: ='1_Data_Asli'!J10 -> 4.1 | K10: ='4_Iterasi_2'!F17 -> C2 | L10: ='4_Iterasi_2'!G17 -> Prioritas Rendah
A11: ='1_Data_Asli'!A11 -> 9 | B11: ='1_Data_Asli'!B11 -> Masjid Agung Magelang | C11: ='1_Data_Asli'!C11 -> Religi | D11: ='1_Data_Asli'!D11 -> 7 | E11: ='1_Data_Asli'!E11 -> 9 | F11: ='1_Data_Asli'!F11 -> 8 | G11: ='1_Data_Asli'!G11 -> 8 | H11: ='1_Data_Asli'!H11 -> 4.5 | ... J11: ='1_Data_Asli'!J11 -> 4.5 | K11: ='4_Iterasi_2'!F18 -> C3 | L11: ='4_Iterasi_2'!G18 -> Prioritas Sedang
A12: ='1_Data_Asli'!A12 -> 10 | B12: ='1_Data_Asli'!B12 -> Makam Kyai Raden Santri | C12: ='1_Data_Asli'!C12 -> Religi | D12: ='1_Data_Asli'!D12 -> 6 | E12: ='1_Data_Asli'!E12 -> 7 | F12: ='1_Data_Asli'!F12 -> 5 | G12: ='1_Data_Asli'!G12 -> 5 | H12: ='1_Data_Asli'!H12 -> 4 | ... J12: ='1_Data_Asli'!J12 -> 4 | K12: ='4_Iterasi_2'!F19 -> C2 | L12: ='4_Iterasi_2'!G19 -> Prioritas Rendah
A13: ='1_Data_Asli'!A13 -> 11 | B13: ='1_Data_Asli'!B13 -> Taman Kyai Langgeng | C13: ='1_Data_Asli'!C13 -> Taman | D13: ='1_Data_Asli'!D13 -> 8 | E13: ='1_Data_Asli'!E13 -> 9 | F13: ='1_Data_Asli'!F13 -> 8 | G13: ='1_Data_Asli'!G13 -> 8 | H13: ='1_Data_Asli'!H13 -> 4.4 | ... J13: ='1_Data_Asli'!J13 -> 4.4 | K13: ='4_Iterasi_2'!F20 -> C3 | L13: ='4_Iterasi_2'!G20 -> Prioritas Sedang
A14: ='1_Data_Asli'!A14 -> 12 | B14: ='1_Data_Asli'!B14 -> Kebun Teh Ngluwar | C14: ='1_Data_Asli'!C14 -> Alam | D14: ='1_Data_Asli'!D14 -> 7 | E14: ='1_Data_Asli'!E14 -> 6 | F14: ='1_Data_Asli'!F14 -> 5 | G14: ='1_Data_Asli'!G14 -> 5 | H14: ='1_Data_Asli'!H14 -> 4.2 | ... J14: ='1_Data_Asli'!J14 -> 4.2 | K14: ='4_Iterasi_2'!F21 -> C2 | L14: ='4_Iterasi_2'!G21 -> Prioritas Rendah
... A17: ='1_Data_Asli'!A17 -> 15 | B17: ='1_Data_Asli'!B17 -> Museum Diponegoro | C17: ='1_Data_Asli'!C17 -> Budaya | D17: ='1_Data_Asli'!D17 -> 6 | E17: ='1_Data_Asli'!E17 -> 8 | F17: ='1_Data_Asli'!F17 -> 7 | G17: ='1_Data_Asli'!G17 -> 7 | H17: ='1_Data_Asli'!H17 -> 4.1 | ... J17: ='1_Data_Asli'!J17 -> 4.1 | K17: ='4_Iterasi_2'!F24 -> C3 | L17: ='4_Iterasi_2'!G24 -> Prioritas Sedang
A20: C1 · Prioritas Tinggi | C20: Candi Borobudur
A21: C2 · Prioritas Rendah | C21: Candi Pawon | Punthuk Setumbu | Air Terjun Kedung Kayang | Desa Wisata Candirejo | Desa Wisata Ngargogondo | Makam Kyai Raden Santri | Kebun Teh Ngluwar | Gunung Merbabu (basecamp) | Sunrise Puthuk Mongkrong
A22: C3 · Prioritas Sedang | C22: Candi Mendut | Ketep Pass | Masjid Agung Magelang | Taman Kyai Langgeng | Museum Diponegoro

Sheet 7_SSE
A1: PERHITUNGAN SSE (Sum of Squared Error) PER CLUSTER
A2: SSE = Σ Σ ||xᵢ – cₖ||² = Σ [(x₁–c₁)² + (x₂–c₂)² + (x₃–c₃)² + (x₄–c₄)² + (x₅–c₅)²]
A3: No | B3: Nama Destinasi | C3: Cluster | D3: (x–c)² Daya Tarik | E3: (x–c)² Aksesibilitas | F3: (x–c)² Fasilitas | G3: (x–c)² Sarana | H3: (x–c)² Ulasan | I3: SSE Per Baris
A4: ='2_Normalisasi'!A4 -> 1 | B4: ='2_Normalisasi'!B4 -> Candi Borobudur | C4: ='4_Iterasi_2'!F10&" · "&'4_Iterasi_2'!G10 -> C1 · Prioritas Tinggi | D4: =('2_Normalisasi'!H4-IF('4_Iterasi_2'!F10="C1",'5_Centroid_Akhir'!B3,IF('4_Iterasi_2'!F10="C2",'5_Centroid_Akhir'!C3,'5_Centroid_Akhir'!D3)))^2 -> 0 | E4: =('2_Normalisasi'!I4-IF('4_Iterasi_2'!F10="C1",'5_Centroid_Akhir'!B4,IF('4_Iterasi_2'!F10="C2",'5_Centroid_Akhir'!C4,'5_Centroid_Akhir'!D4)))^2 -> 0 | F4: =('2_Normalisasi'!J4-IF('4_Iterasi_2'!F10="C1",'5_Centroid_Akhir'!B5,IF('4_Iterasi_2'!F10="C2",'5_Centroid_Akhir'!C5,'5_Centroid_Akhir'!D5)))^2 -> 0 | G4: =('2_Normalisasi'!K4-IF('4_Iterasi_2'!F10="C1",'5_Centroid_Akhir'!B6,IF('4_Iterasi_2'!F10="C2",'5_Centroid_Akhir'!C6,'5_Centroid_Akhir'!D6)))^2 -> 0 | H4: =('2_Normalisasi'!L4-IF('4_Iterasi_2'!F10="C1",'5_Centroid_Akhir'!B7,IF('4_Iterasi_2'!F10="C2",'5_Centroid_Akhir'!C7,'5_Centroid_Akhir'!D7)))^2 -> 0 | I4: =D4+E4+F4+G4+H4 -> 0
A5: ='2_Normalisasi'!A5 -> 2 | B5: ='2_Normalisasi'!B5 -> Candi Mendut | C5: ='4_Iterasi_2'!F11&" · "&'4_Iterasi_2'!G11 -> C3 · Prioritas Sedang | D5: =('2_Normalisasi'!H5-IF('4_Iterasi_2'!F11="C1",'5_Centroid_Akhir'!B3,IF('4_Iterasi_2'!F11="C2",'5_Centroid_Akhir'!C3,'5_Centroid_Akhir'!D3)))^2 -> 0.017777778 | E5: =('2_Normalisasi'!I5-IF('4_Iterasi_2'!F11="C1",'5_Centroid_Akhir'!B4,IF('4_Iterasi_2'!F11="C2",'5_Centroid_Akhir'!C4,'5_Centroid_Akhir'!D4)))^2 -> 0.0025 | F5: =('2_Normalisasi'!J5-IF('4_Iterasi_2'!F11="C1",'5_Centroid_Akhir'!B5,IF('4_Iterasi_2'!F11="C2",'5_Centroid_Akhir'!C5,'5_Centroid_Akhir'!D5)))^2 -> 0.0225 | G5: =('2_Normalisasi'!K5-IF('4_Iterasi_2'!F11="C1",'5_Centroid_Akhir'!B6,IF('4_Iterasi_2'!F11="C2",'5_Centroid_Akhir'!C6,'5_Centroid_Akhir'!D6)))^2 -> 0.0064 | H5: =('2_Normalisasi'!L5-IF('4_Iterasi_2'!F11="C1",'5_Centroid_Akhir'!B7,IF('4_Iterasi_2'!F11="C2",'5_Centroid_Akhir'!C7,'5_Centroid_Akhir'!D7)))^2 -> 0.01 | I5: =D5+E5+F5+G5+H5 -> 0.059177778
A6: ='2_Normalisasi'!A6 -> 3 | B6: ='2_Normalisasi'!B6 -> Candi Pawon | C6: ='4_Iterasi_2'!F12&" · "&'4_Iterasi_2'!G12 -> C2 · Prioritas Rendah | D6: =('2_Normalisasi'!H6-IF('4_Iterasi_2'!F12="C1",'5_Centroid_Akhir'!B3,IF('4_Iterasi_2'!F12="C2",'5_Centroid_Akhir'!C3,'5_Centroid_Akhir'!D3)))^2 -> 0.021947874 | E6: =('2_Normalisasi'!I6-IF('4_Iterasi_2'!F12="C1",'5_Centroid_Akhir'!B4,IF('4_Iterasi_2'!F12="C2",'5_Centroid_Akhir'!C4,'5_Centroid_Akhir'!D4)))^2 -> 0.0625 | F6: =('2_Normalisasi'!J6-IF('4_Iterasi_2'!F12="C1",'5_Centroid_Akhir'!B5,IF('4_Iterasi_2'!F12="C2",'5_Centroid_Akhir'!C5,'5_Centroid_Akhir'!D5)))^2 -> 0.027777778 | G6: =('2_Normalisasi'!K6-IF('4_Iterasi_2'!F12="C1",'5_Centroid_Akhir'!B6,IF('4_Iterasi_2'!F12="C2",'5_Centroid_Akhir'!C6,'5_Centroid_Akhir'!D6)))^2 -> 0.031604938 | H6: =('2_Normalisasi'!L6-IF('4_Iterasi_2'!F12="C1",'5_Centroid_Akhir'!B7,IF('4_Iterasi_2'!F12="C2",'5_Centroid_Akhir'!C7,'5_Centroid_Akhir'!D7)))^2 -> 0.027777778 | I6: =D6+E6+F6+G6+H6 -> 0.17160837
A7: ='2_Normalisasi'!A7 -> 4 | B7: ='2_Normalisasi'!B7 -> Ketep Pass | C7: ='4_Iterasi_2'!F13&" · "&'4_Iterasi_2'!G13 -> C3 · Prioritas Sedang | D7: =('2_Normalisasi'!H7-IF('4_Iterasi_2'!F13="C1",'5_Centroid_Akhir'!B3,IF('4_Iterasi_2'!F13="C2",'5_Centroid_Akhir'!C3,'5_Centroid_Akhir'!D3)))^2 -> 0.21777778 | E7: =('2_Normalisasi'!I7-IF('4_Iterasi_2'!F13="C1",'5_Centroid_Akhir'!B4,IF('4_Iterasi_2'!F13="C2",'5_Centroid_Akhir'!C4,'5_Centroid_Akhir'!D4)))^2 -> 0.09 | F7: =('2_Normalisasi'!J7-IF('4_Iterasi_2'!F13="C1",'5_Centroid_Akhir'!B5,IF('4_Iterasi_2'!F13="C2",'5_Centroid_Akhir'!C5,'5_Centroid_Akhir'!D5)))^2 -> 0.01 | G7: =('2_Normalisasi'!K7-IF('4_Iterasi_2'!F13="C1",'5_Centroid_Akhir'!B6,IF('4_Iterasi_2'!F13="C2",'5_Centroid_Akhir'!C6,'5_Centroid_Akhir'!D6)))^2 -> 0.0064 | H7: =('2_Normalisasi'!L7-IF('4_Iterasi_2'!F13="C1",'5_Centroid_Akhir'!B7,IF('4_Iterasi_2'!F13="C2",'5_Centroid_Akhir'!C7,'5_Centroid_Akhir'!D7)))^2 -> 0.050625 | I7: =D7+E7+F7+G7+H7 -> 0.37480278
A8: ='2_Normalisasi'!A8 -> 5 | B8: ='2_Normalisasi'!B8 -> Punthuk Setumbu | C8: ='4_Iterasi_2'!F14&" · "&'4_Iterasi_2'!G14 -> C2 · Prioritas Rendah | D8: =('2_Normalisasi'!H8-IF('4_Iterasi_2'!F14="C1",'5_Centroid_Akhir'!B3,IF('4_Iterasi_2'!F14="C2",'5_Centroid_Akhir'!C3,'5_Centroid_Akhir'!D3)))^2 -> 0.26886145 | E8: =('2_Normalisasi'!I8-IF('4_Iterasi_2'!F14="C1",'5_Centroid_Akhir'!B4,IF('4_Iterasi_2'!F14="C2",'5_Centroid_Akhir'!C4,'5_Centroid_Akhir'!D4)))^2 -> 0 | F8: =('2_Normalisasi'!J8-IF('4_Iterasi_2'!F14="C1",'5_Centroid_Akhir'!B5,IF('4_Iterasi_2'!F14="C2",'5_Centroid_Akhir'!C5,'5_Centroid_Akhir'!D5)))^2 -> 0.17361111 | G8: =('2_Normalisasi'!K8-IF('4_Iterasi_2'!F14="C1",'5_Centroid_Akhir'!B6,IF('4_Iterasi_2'!F14="C2",'5_Centroid_Akhir'!C6,'5_Centroid_Akhir'!D6)))^2 -> 0.031604938 | H8: =('2_Normalisasi'!L8-IF('4_Iterasi_2'!F14="C1",'5_Centroid_Akhir'!B7,IF('4_Iterasi_2'!F14="C2",'5_Centroid_Akhir'!C7,'5_Centroid_Akhir'!D7)))^2 -> 0.21006944 | I8: =D8+E8+F8+G8+H8 -> 0.68414695
A9: ='2_Normalisasi'!A9 -> 6 | B9: ='2_Normalisasi'!B9 -> Air Terjun Kedung Kayang | C9: ='4_Iterasi_2'!F15&" · "&'4_Iterasi_2'!G15 -> C2 · Prioritas Rendah | D9: =('2_Normalisasi'!H9-IF('4_Iterasi_2'!F15="C1",'5_Centroid_Akhir'!B3,IF('4_Iterasi_2'!F15="C2",'5_Centroid_Akhir'!C3,'5_Centroid_Akhir'!D3)))^2 -> 0.034293553 | E9: =('2_Normalisasi'!I9-IF('4_Iterasi_2'!F15="C1",'5_Centroid_Akhir'!B4,IF('4_Iterasi_2'!F15="C2",'5_Centroid_Akhir'!C4,'5_Centroid_Akhir'!D4)))^2 -> 0.0625 | F9: =('2_Normalisasi'!J9-IF('4_Iterasi_2'!F15="C1",'5_Centroid_Akhir'!B5,IF('4_Iterasi_2'!F15="C2",'5_Centroid_Akhir'!C5,'5_Centroid_Akhir'!D5)))^2 -> 0.0069444444 | G9: =('2_Normalisasi'!K9-IF('4_Iterasi_2'!F15="C1",'5_Centroid_Akhir'!B6,IF('4_Iterasi_2'!F15="C2",'5_Centroid_Akhir'!C6,'5_Centroid_Akhir'!D6)))^2 -> 0.00049382716 | H9: =('2_Normalisasi'!L9-IF('4_Iterasi_2'!F15="C1",'5_Centroid_Akhir'!B7,IF('4_Iterasi_2'!F15="C2",'5_Centroid_Akhir'!C7,'5_Centroid_Akhir'!D7)))^2 -> 0.0017361111 | I9: =D9+E9+F9+G9+H9 -> 0.10596794
A10: ='2_Normalisasi'!A10 -> 7 | B10: ='2_Normalisasi'!B10 -> Desa Wisata Candirejo | C10: ='4_Iterasi_2'!F16&" · "&'4_Iterasi_2'!G16 -> C2 · Prioritas Rendah | D10: =('2_Normalisasi'!H10-IF('4_Iterasi_2'!F16="C1",'5_Centroid_Akhir'!B3,IF('4_Iterasi_2'!F16="C2",'5_Centroid_Akhir'!C3,'5_Centroid_Akhir'!D3)))^2 -> 0.021947874 | E10: =('2_Normalisasi'!I10-IF('4_Iterasi_2'!F16="C1",'5_Centroid_Akhir'!B4,IF('4_Iterasi_2'!F16="C2",'5_Centroid_Akhir'!C4,'5_Centroid_Akhir'!D4)))^2 -> 0.0625 | F10: =('2_Normalisasi'!J10-IF('4_Iterasi_2'!F16="C1",'5_Centroid_Akhir'!B5,IF('4_Iterasi_2'!F16="C2",'5_Centroid_Akhir'!C5,'5_Centroid_Akhir'!D5)))^2 -> 0.027777778 | G10: =('2_Normalisasi'!K10-IF('4_Iterasi_2'!F16="C1",'5_Centroid_Akhir'!B6,IF('4_Iterasi_2'!F16="C2",'5_Centroid_Akhir'!C6,'5_Centroid_Akhir'!D6)))^2 -> 0.031604938 | H10: =('2_Normalisasi'!L10-IF('4_Iterasi_2'!F16="C1",'5_Centroid_Akhir'!B7,IF('4_Iterasi_2'!F16="C2",'5_Centroid_Akhir'!C7,'5_Centroid_Akhir'!D7)))^2 -> 0.0069444444 | I10: =D10+E10+F10+G10+H10 -> 0.15077503
A11: ='2_Normalisasi'!A11 -> 8 | B11: ='2_Normalisasi'!B11 -> Desa Wisata Ngargogondo | C11: ='4_Iterasi_2'!F17&" · "&'4_Iterasi_2'!G17 -> C2 · Prioritas Rendah | D11: =('2_Normalisasi'!H11-IF('4_Iterasi_2'!F17="C1",'5_Centroid_Akhir'!B3,IF('4_Iterasi_2'!F17="C2",'5_Centroid_Akhir'!C3,'5_Centroid_Akhir'!D3)))^2 -> 0.23182442 | E11: =('2_Normalisasi'!I11-IF('4_Iterasi_2'!F17="C1",'5_Centroid_Akhir'!B4,IF('4_Iterasi_2'!F17="C2",'5_Centroid_Akhir'!C4,'5_Centroid_Akhir'!D4)))^2 -> 0 | F11: =('2_Normalisasi'!J11-IF('4_Iterasi_2'!F17="C1",'5_Centroid_Akhir'!B5,IF('4_Iterasi_2'!F17="C2",'5_Centroid_Akhir'!C5,'5_Centroid_Akhir'!D5)))^2 -> 0.0069444444 | G11: =('2_Normalisasi'!K11-IF('4_Iterasi_2'!F17="C1",'5_Centroid_Akhir'!B6,IF('4_Iterasi_2'!F17="C2",'5_Centroid_Akhir'!C6,'5_Centroid_Akhir'!D6)))^2 -> 0.00049382716 | H11: =('2_Normalisasi'!L11-IF('4_Iterasi_2'!F17="C1",'5_Centroid_Akhir'!B7,IF('4_Iterasi_2'!F17="C2",'5_Centroid_Akhir'!C7,'5_Centroid_Akhir'!D7)))^2 -> 0.085069444 | I11: =D11+E11+F11+G11+H11 -> 0.32433213
A12: ='2_Normalisasi'!A12 -> 9 | B12: ='2_Normalisasi'!B12 -> Masjid Agung Magelang | C12: ='4_Iterasi_2'!F18&" · "&'4_Iterasi_2'!G18 -> C3 · Prioritas Sedang | D12: =('2_Normalisasi'!H12-IF('4_Iterasi_2'!F18="C1",'5_Centroid_Akhir'!B3,IF('4_Iterasi_2'!F18="C2",'5_Centroid_Akhir'!C3,'5_Centroid_Akhir'!D3)))^2 -> 0.04 | E12: =('2_Normalisasi'!I12-IF('4_Iterasi_2'!F18="C1",'5_Centroid_Akhir'!B4,IF('4_Iterasi_2'!F18="C2",'5_Centroid_Akhir'!C4,'5_Centroid_Akhir'!D4)))^2 -> 0.04 | F12: =('2_Normalisasi'!J12-IF('4_Iterasi_2'!F18="C1",'5_Centroid_Akhir'!B5,IF('4_Iterasi_2'!F18="C2",'5_Centroid_Akhir'!C5,'5_Centroid_Akhir'!D5)))^2 -> 0.01 | G12: =('2_Normalisasi'!K12-IF('4_Iterasi_2'!F18="C1",'5_Centroid_Akhir'!B6,IF('4_Iterasi_2'!F18="C2",'5_Centroid_Akhir'!C6,'5_Centroid_Akhir'!D6)))^2 -> 0.0144 | H12: =('2_Normalisasi'!L12-IF('4_Iterasi_2'!F18="C1",'5_Centroid_Akhir'!B7,IF('4_Iterasi_2'!F18="C2",'5_Centroid_Akhir'!C7,'5_Centroid_Akhir'!D7)))^2 -> 0.01 | I12: =D12+E12+F12+G12+H12 -> 0.1144
A13: ='2_Normalisasi'!A13 -> 10 | B13: ='2_Normalisasi'!B13 -> Makam Kyai Raden Santri | C13: ='4_Iterasi_2'!F19&" · "&'4_Iterasi_2'!G19 -> C2 · Prioritas Rendah | D13: =('2_Normalisasi'!H13-IF('4_Iterasi_2'!F19="C1",'5_Centroid_Akhir'!B3,IF('4_Iterasi_2'!F19="C2",'5_Centroid_Akhir'!C3,'5_Centroid_Akhir'!D3)))^2 -> 0.23182442 | E13: =('2_Normalisasi'!I13-IF('4_Iterasi_2'!F19="C1",'5_Centroid_Akhir'!B4,IF('4_Iterasi_2'!F19="C2",'5_Centroid_Akhir'!C4,'5_Centroid_Akhir'!D4)))^2 -> 0.0625 | F13: =('2_Normalisasi'!J13-IF('4_Iterasi_2'!F19="C1",'5_Centroid_Akhir'!B5,IF('4_Iterasi_2'!F19="C2",'5_Centroid_Akhir'!C5,'5_Centroid_Akhir'!D5)))^2 -> 0.0069444444 | G13: =('2_Normalisasi'!K13-IF('4_Iterasi_2'!F19="C1",'5_Centroid_Akhir'!B6,IF('4_Iterasi_2'!F19="C2",'5_Centroid_Akhir'!C6,'5_Centroid_Akhir'!D6)))^2 -> 0.00049382716 | H13: =('2_Normalisasi'!L13-IF('4_Iterasi_2'!F19="C1",'5_Centroid_Akhir'!B7,IF('4_Iterasi_2'!F19="C2",'5_Centroid_Akhir'!C7,'5_Centroid_Akhir'!D7)))^2 -> 0.17361111 | I13: =D13+E13+F13+G13+H13 -> 0.4753738
A14: ='2_Normalisasi'!A14 -> 11 | B14: ='2_Normalisasi'!B14 -> Taman Kyai Langgeng | C14: ='4_Iterasi_2'!F20&" · "&'4_Iterasi_2'!G20 -> C3 · Prioritas Sedang | D14: =('2_Normalisasi'!H14-IF('4_Iterasi_2'!F20="C1",'5_Centroid_Akhir'!B3,IF('4_Iterasi_2'!F20="C2",'5_Centroid_Akhir'!C3,'5_Centroid_Akhir'!D3)))^2 -> 0.017777778 | E14: =('2_Normalisasi'!I14-IF('4_Iterasi_2'!F20="C1",'5_Centroid_Akhir'!B4,IF('4_Iterasi_2'!F20="C2",'5_Centroid_Akhir'!C4,'5_Centroid_Akhir'!D4)))^2 -> 0.04 | F14: =('2_Normalisasi'!J14-IF('4_Iterasi_2'!F20="C1",'5_Centroid_Akhir'!B5,IF('4_Iterasi_2'!F20="C2",'5_Centroid_Akhir'!C5,'5_Centroid_Akhir'!D5)))^2 -> 0.01 | G14: =('2_Normalisasi'!K14-IF('4_Iterasi_2'!F20="C1",'5_Centroid_Akhir'!B6,IF('4_Iterasi_2'!F20="C2",'5_Centroid_Akhir'!C6,'5_Centroid_Akhir'!D6)))^2 -> 0.0144 | H14: =('2_Normalisasi'!L14-IF('4_Iterasi_2'!F20="C1",'5_Centroid_Akhir'!B7,IF('4_Iterasi_2'!F20="C2",'5_Centroid_Akhir'!C7,'5_Centroid_Akhir'!D7)))^2 -> 0.000625 | I14: =D14+E14+F14+G14+H14 -> 0.082802778
A15: ='2_Normalisasi'!A15 -> 12 | B15: ='2_Normalisasi'!B15 -> Kebun Teh Ngluwar | C15: ='4_Iterasi_2'!F21&" · "&'4_Iterasi_2'!G21 -> C2 · Prioritas Rendah | D15: =('2_Normalisasi'!H15-IF('4_Iterasi_2'!F21="C1",'5_Centroid_Akhir'!B3,IF('4_Iterasi_2'!F21="C2",'5_Centroid_Akhir'!C3,'5_Centroid_Akhir'!D3)))^2 -> 0.021947874 | E15: =('2_Normalisasi'!I15-IF('4_Iterasi_2'!F21="C1",'5_Centroid_Akhir'!B4,IF('4_Iterasi_2'!F21="C2",'5_Centroid_Akhir'!C4,'5_Centroid_Akhir'!D4)))^2 -> 0 | F15: =('2_Normalisasi'!J15-IF('4_Iterasi_2'!F21="C1",'5_Centroid_Akhir'!B5,IF('4_Iterasi_2'!F21="C2",'5_Centroid_Akhir'!C5,'5_Centroid_Akhir'!D5)))^2 -> 0.0069444444 | G15: =('2_Normalisasi'!K15-IF('4_Iterasi_2'!F21="C1",'5_Centroid_Akhir'!B6,IF('4_Iterasi_2'!F21="C2",'5_Centroid_Akhir'!C6,'5_Centroid_Akhir'!D6)))^2 -> 0.00049382716 | H15: =('2_Normalisasi'!L15-IF('4_Iterasi_2'!F21="C1",'5_Centroid_Akhir'!B7,IF('4_Iterasi_2'!F21="C2",'5_Centroid_Akhir'!C7,'5_Centroid_Akhir'!D7)))^2 -> 0.027777778 | I15: =D15+E15+F15+G15+H15 -> 0.057163923
A16: ='2_Normalisasi'!A16 -> 13 | B16: ='2_Normalisasi'!B16 -> Gunung Merbabu (basecamp) | C16: ='4_Iterasi_2'!F22&" · "&'4_Iterasi_2'!G22 -> C2 · Prioritas Rendah | D16: =('2_Normalisasi'!H16-IF('4_Iterasi_2'!F22="C1",'5_Centroid_Akhir'!B3,IF('4_Iterasi_2'!F22="C2",'5_Centroid_Akhir'!C3,'5_Centroid_Akhir'!D3)))^2 -> 0.26886145 | E16: =('2_Normalisasi'!I16-IF('4_Iterasi_2'!F22="C1",'5_Centroid_Akhir'!B4,IF('4_Iterasi_2'!F22="C2",'5_Centroid_Akhir'!C4,'5_Centroid_Akhir'!D4)))^2 -> 0.0625 | F16: =('2_Normalisasi'!J16-IF('4_Iterasi_2'!F22="C1",'5_Centroid_Akhir'!B5,IF('4_Iterasi_2'!F22="C2",'5_Centroid_Akhir'!C5,'5_Centroid_Akhir'!D5)))^2 -> 0.0069444444 | G16: =('2_Normalisasi'!K16-IF('4_Iterasi_2'!F22="C1",'5_Centroid_Akhir'!B6,IF('4_Iterasi_2'!F22="C2",'5_Centroid_Akhir'!C6,'5_Centroid_Akhir'!D6)))^2 -> 0.049382716 | H16: =('2_Normalisasi'!L16-IF('4_Iterasi_2'!F22="C1",'5_Centroid_Akhir'!B7,IF('4_Iterasi_2'!F22="C2",'5_Centroid_Akhir'!C7,'5_Centroid_Akhir'!D7)))^2 -> 0.11111111 | I16: =D16+E16+F16+G16+H16 -> 0.49879973
A17: ='2_Normalisasi'!A17 -> 14 | B17: ='2_Normalisasi'!B17 -> Sunrise Puthuk Mongkrong | C17: ='4_Iterasi_2'!F23&" · "&'4_Iterasi_2'!G23 -> C2 · Prioritas Rendah | D17: =('2_Normalisasi'!H17-IF('4_Iterasi_2'!F23="C1",'5_Centroid_Akhir'!B3,IF('4_Iterasi_2'!F23="C2",'5_Centroid_Akhir'!C3,'5_Centroid_Akhir'!D3)))^2 -> 0.034293553 | E17: =('2_Normalisasi'!I17-IF('4_Iterasi_2'!F23="C1",'5_Centroid_Akhir'!B4,IF('4_Iterasi_2'!F23="C2",'5_Centroid_Akhir'!C4,'5_Centroid_Akhir'!D4)))^2 -> 0.0625 | F17: =('2_Normalisasi'!J17-IF('4_Iterasi_2'!F23="C1",'5_Centroid_Akhir'!B5,IF('4_Iterasi_2'!F23="C2",'5_Centroid_Akhir'!C5,'5_Centroid_Akhir'!D5)))^2 -> 0.11111111 | G17: =('2_Normalisasi'!K17-IF('4_Iterasi_2'!F23="C1",'5_Centroid_Akhir'!B6,IF('4_Iterasi_2'!F23="C2",'5_Centroid_Akhir'!C6,'5_Centroid_Akhir'!D6)))^2 -> 0.049382716 | H17: =('2_Normalisasi'!L17-IF('4_Iterasi_2'!F23="C1",'5_Centroid_Akhir'!B7,IF('4_Iterasi_2'!F23="C2",'5_Centroid_Akhir'!C7,'5_Centroid_Akhir'!D7)))^2 -> 0.043402778 | I17: =D17+E17+F17+G17+H17 -> 0.30069016
A18: ='2_Normalisasi'!A18 -> 15 | B18: ='2_Normalisasi'!B18 -> Museum Diponegoro | C18: ='4_Iterasi_2'!F24&" · "&'4_Iterasi_2'!G24 -> C3 · Prioritas Sedang | D18: =('2_Normalisasi'!H18-IF('4_Iterasi_2'!F24="C1",'5_Centroid_Akhir'!B3,IF('4_Iterasi_2'!F24="C2",'5_Centroid_Akhir'!C3,'5_Centroid_Akhir'!D3)))^2 -> 0.28444444 | E18: =('2_Normalisasi'!I18-IF('4_Iterasi_2'!F24="C1",'5_Centroid_Akhir'!B4,IF('4_Iterasi_2'!F24="C2",'5_Centroid_Akhir'!C4,'5_Centroid_Akhir'!D4)))^2 -> 0.0025 | F18: =('2_Normalisasi'!J18-IF('4_Iterasi_2'!F24="C1",'5_Centroid_Akhir'!B5,IF('4_Iterasi_2'!F24="C2",'5_Centroid_Akhir'!C5,'5_Centroid_Akhir'!D5)))^2 -> 0.0225 | G18: =('2_Normalisasi'!K18-IF('4_Iterasi_2'!F24="C1",'5_Centroid_Akhir'!B6,IF('4_Iterasi_2'!F24="C2",'5_Centroid_Akhir'!C6,'5_Centroid_Akhir'!D6)))^2 -> 0.0064 | H18: =('2_Normalisasi'!L18-IF('4_Iterasi_2'!F24="C1",'5_Centroid_Akhir'!B7,IF('4_Iterasi_2'!F24="C2",'5_Centroid_Akhir'!C7,'5_Centroid_Akhir'!D7)))^2 -> 0.16 | I18: =D18+E18+F18+G18+H18 -> 0.47584444
A21: SSE Cluster C1 (Prioritas Tinggi) | D21: =SUMIF('4_Iterasi_2'!F10:F24,"C1",I4:I18) -> 0
A22: SSE Cluster C2 (Prioritas Rendah) | D22: =SUMIF('4_Iterasi_2'!F10:F24,"C2",I4:I18) -> 2.768858
A23: SSE Cluster C3 (Prioritas Sedang) | D23: =SUMIF('4_Iterasi_2'!F10:F24,"C3",I4:I18) -> 1.1070278
A25: TOTAL SSE (Semua Cluster) | D25: =D21+D22+D23 -> 3.8758858
